molecule_chembl_id,canonical_smiles,standard_value,bioactivity_class
CHEMBL221371,COc1cc(O)c2c(=O)c3c(oc2c1)C(OC)Oc1c(O)cccc1-3,700.0,active
CHEMBL222265,COc1cc2oc3c(c(=O)c2c(O)c1C)-c1cccc(O)c1OC3OC,2500.0,intermediate
CHEMBL243813,COc1cccc2[nH]c3ccccc3c(=O)c12,6300.0,inactive
CHEMBL243169,COc1ccc2c(=O)c3cccc(C(=O)NCCc4ccc(OC)c(OC)c4)c3[nH]c2c1,1380.0,intermediate
CHEMBL243168,COc1ccc(CCNC(=O)c2cccc3c(=O)c4ccc(OC)cc4[nH]c23)cc1,560.0,active
CHEMBL243167,COc1ccc(CCNC(=O)c2cccc3c(=O)c4ccccc4[nH]c23)cc1OC,450.0,active
CHEMBL397235,COc1ccc(CCNC(=O)c2cccc3c(=O)c4ccccc4[nH]c23)cc1,350.0,active
CHEMBL242513,COc1cc(C(F)(F)F)cc2[nH]c3ccccc3c(=O)c12,770.0,active
CHEMBL243814,COc1cc(OC)c2c(=O)c3ccccc3[nH]c2c1,7900.0,inactive
CHEMBL388886,COc1ccc2[nH]c3ccccc3c(=O)c2c1,4800.0,intermediate
CHEMBL242512,COc1ccc2[nH]c3ccccc3c(=O)c2c1OC,20000.0,inactive
CHEMBL242943,O=c1c2ccccc2[nH]c2cc(C(F)(F)F)cc(O)c12,20000.0,inactive
CHEMBL242942,COc1cc(O)c2c(=O)c3ccccc3[nH]c2c1,20000.0,inactive
CHEMBL242515,O=c1c2ccccc2[nH]c2ccc(O)cc12,20000.0,inactive
CHEMBL397685,O=c1c2ccccc2[nH]c2cccc(O)c12,20000.0,inactive
CHEMBL396298,COc1cc2c(cc1OC)CN(CCc1ccc(NC(=O)c3cccc4c(=O)c5cccc(OC)c5[nH]c34)cc1)CC2,410.0,active
CHEMBL258610,COc1cccc(CCc2ccccc2OCc2cccc(OC)c2OC)c1,120000.0,inactive
CHEMBL272836,COc1cccc(CCc2ccccc2OCc2ccc(OC)c(OC)c2)c1,150000.0,inactive
CHEMBL272423,COc1cccc(CCc2ccccc2NCc2cccc(OC)c2OC)c1,1500.0,intermediate
CHEMBL272036,COc1cccc(CCc2ccccc2NCc2ccc(OC)c(OC)c2)c1,500.0,active
CHEMBL410316,COc1ccc2c3c([nH]c2c1)[C@H](C=C(C)C)N1C(=O)[C@@H]2CCCN2C(=O)[C@@H]1C3,11000.0,inactive
CHEMBL500094,COc1cc2c(cc1OC)CN(CCc1ccc(NC(=O)c3ccc(C)c(NC(=O)c4cnc5ccccc5c4)c3)cc1)CC2,1990.0,active
CHEMBL453516,COc1cc(NC(=O)c2cnc3ccccc3c2)cc(C(=O)Nc2ccc(CCN3CCc4cc(OC)c(OC)cc4C3)cc2)c1,977.0,active
CHEMBL506742,COc1cc2c(cc1OC)CN(CCc1ccc(NC(=O)c3cc(NC(=O)c4cnc5ccccc5c4)c(OC)c(OC)c3)cc1)CC2,858.0,intermediate
CHEMBL446339,COc1ccc(C(=O)Nc2ccc(CCN3CCc4cc(OC)c(OC)cc4C3)cc2)cc1NC(=O)c1cnc2ccccc2c1,317.0,active
CHEMBL456361,COC(=O)c1ccc(C(=O)Nc2ccc(CCN3CCc4cc(OC)c(OC)cc4C3)cc2)cc1NC(=O)c1cccnc1,1015.0,active
CHEMBL501349,COC(=O)c1ccc(C(=O)Nc2ccc(CCN3CCc4cc(OC)c(OC)cc4C3)cc2)cc1NC(=O)c1cnccn1,632.0,active
CHEMBL457439,COC(=O)c1ccc(C(=O)Nc2ccc(CCN3CCc4cc(OC)c(OC)cc4C3)cc2)cc1NC(=O)c1cnc(C)cn1,552.0,active
CHEMBL455275,COC(=O)c1ccc(C(=O)Nc2ccc(CCN3CCc4cc(OC)c(OC)cc4C3)cc2)cc1NC(=O)c1ccc2ncccc2c1,179.0,active
CHEMBL506278,COC(=O)c1ccc(C(=O)Nc2ccc(CCN3CCc4cc(OC)c(OC)cc4C3)cc2)cc1NC(=O)c1cnc2ccccc2n1,183.0,active
CHEMBL502503,COC(=O)c1ccc(C(=O)Nc2ccc(CCN3CCc4cc(OC)c(OC)cc4C3)cc2)cc1NC(=O)c1ccc2ccccc2n1,60.0,active
CHEMBL453536,COC(=O)c1ccc(C(=O)Nc2ccc(CCN3CCc4cc(OC)c(OC)cc4C3)cc2)cc1NC(=O)c1cnc2ccccc2c1,119.0,active
CHEMBL348475,COc1cc2c(cc1OC)CN(CCc1ccc(NC(=O)c3cc(OC)c(OC)cc3NC(=O)c3cnc4ccccc4c3)cc1)CC2,916.0,active
CHEMBL396298,COc1cc2c(cc1OC)CN(CCc1ccc(NC(=O)c3cccc4c(=O)c5cccc(OC)c5[nH]c34)cc1)CC2,250.0,inactive
CHEMBL488910,COc1ccc2c3c([nH]c2c1)[C@H](CC(C)C)N1C(=O)[C@H](CCC(=O)OC(C)(C)C)NC(=O)[C@@H]1C3,225.0,inactive
CHEMBL475554,O=C(Nc1ccc(CCN2CCc3ccccc3C2)cc1)Nc1ccccc1[N+](=O)[O-],6760.0,intermediate
CHEMBL475362,COc1cc2c(cc1OC)CN(CCc1ccc(NC(=O)Nc3ccccc3[N+](=O)[O-])cc1)CC2,10200.0,inactive
CHEMBL474972,COc1cc2c(cc1OC)CN(CCc1ccc(NC(=O)Nc3ccc([N+](=O)[O-])cc3)cc1)CC2,3890.0,inactive
CHEMBL472819,Nc1ccccc1NC(=O)Nc1ccc(CCN2CCc3ccccc3C2)cc1,102000.0,inactive
CHEMBL472818,COc1cc2c(cc1OC)CN(CCc1ccc(NC(=O)Nc3ccccc3N)cc1)CC2,66100.0,inactive
CHEMBL474757,COc1cc2c(cc1OC)CN(CCc1ccc(NC(=O)Nc3ccc(N)cc3)cc1)CC2,74100.0,inactive
CHEMBL258456,O=C(Nc1ccc(CCN2CCc3ccccc3C2)cc1)c1ccccc1[N+](=O)[O-],51300.0,inactive
CHEMBL442464,COc1cc2c(cc1OC)CN(CCc1ccc(NC(=O)c3ccccc3[N+](=O)[O-])cc1)CC2,77600.0,inactive
CHEMBL555611,COc1cc2c(cc1OC)CN(CCc1ccc(NC(=O)c3ccc([N+](=O)[O-])cc3)cc1)CC2,6920.0,inactive
CHEMBL259077,Nc1ccccc1C(=O)Nc1ccc(CCN2CCc3ccccc3C2)cc1,17800.0,inactive
CHEMBL429515,COc1cc2c(cc1OC)CN(CCc1ccc(NC(=O)c3ccccc3N)cc1)CC2,32400.0,inactive
CHEMBL261632,COc1cc2c(cc1OC)CN(CCc1ccc(NC(=O)c3ccc(N)cc3)cc1)CC2,219000.0,active
CHEMBL595550,COc1ccc(C(=O)Nc2ccccc2NC(=O)Nc2ccc(CCN3CCc4cc(OC)c(OC)cc4C3)cc2)cc1OC,10200.0,active
CHEMBL247473,COc1ccc(C(=O)Nc2ccccc2C(=O)Nc2ccc(CCN3CCc4cc(OC)c(OC)cc4C3)cc2)cc1OC,930.0,active
CHEMBL595493,COc1cc2c(cc1OC)CN(CCc1ccc(NC(=O)c3ccccc3NC(=O)c3ccc([N+](=O)[O-])cc3)cc1)CC2,690.0,active
CHEMBL594336,COc1cc2c(cc1OC)CN(CCc1ccc(NC(=O)c3ccccc3NC(=O)Nc3ccc([N+](=O)[O-])cc3)cc1)CC2,540.0,inactive
CHEMBL488910,COc1ccc2c3c([nH]c2c1)[C@H](CC(C)C)N1C(=O)[C@H](CCC(=O)OC(C)(C)C)NC(=O)[C@@H]1C3,230.0,active
CHEMBL36506,CO[C@@H]1[C@@H](OC(N)=O)[C@@H](O)[C@H](Oc2ccc3c(O)c(NC(=O)c4ccc(O)c(CC=C(C)C)c4)c(=O)oc3c2C)OC1(C)C,85100.0,active
CHEMBL348475,COc1cc2c(cc1OC)CN(CCc1ccc(NC(=O)c3cc(OC)c(OC)cc3NC(=O)c3cnc4ccccc4c3)cc1)CC2,680.0,intermediate
CHEMBL396298,COc1cc2c(cc1OC)CN(CCc1ccc(NC(=O)c3cccc4c(=O)c5cccc(OC)c5[nH]c34)cc1)CC2,400.0,intermediate
CHEMBL939,COc1cc2ncnc(Nc3ccc(F)c(Cl)c3)c2cc1OCCCN1CCOCC1,1100.0,inactive
CHEMBL941,Cc1ccc(NC(=O)c2ccc(CN3CCN(C)CC3)cc2)cc1Nc1nccc(-c2cccnc2)n1,4070.0,inactive
CHEMBL475554,O=C(Nc1ccc(CCN2CCc3ccccc3C2)cc1)Nc1ccccc1[N+](=O)[O-],8710.0,intermediate
CHEMBL475362,COc1cc2c(cc1OC)CN(CCc1ccc(NC(=O)Nc3ccccc3[N+](=O)[O-])cc1)CC2,9080.0,inactive
CHEMBL474972,COc1cc2c(cc1OC)CN(CCc1ccc(NC(=O)Nc3ccc([N+](=O)[O-])cc3)cc1)CC2,2610.0,inactive
CHEMBL472819,Nc1ccccc1NC(=O)Nc1ccc(CCN2CCc3ccccc3C2)cc1,74100.0,inactive
CHEMBL472818,COc1cc2c(cc1OC)CN(CCc1ccc(NC(=O)Nc3ccccc3N)cc1)CC2,58400.0,inactive
CHEMBL474757,COc1cc2c(cc1OC)CN(CCc1ccc(NC(=O)Nc3ccc(N)cc3)cc1)CC2,46400.0,inactive
CHEMBL258456,O=C(Nc1ccc(CCN2CCc3ccccc3C2)cc1)c1ccccc1[N+](=O)[O-],45700.0,intermediate
CHEMBL442464,COc1cc2c(cc1OC)CN(CCc1ccc(NC(=O)c3ccccc3[N+](=O)[O-])cc1)CC2,40000.0,inactive
CHEMBL555611,COc1cc2c(cc1OC)CN(CCc1ccc(NC(=O)c3ccc([N+](=O)[O-])cc3)cc1)CC2,4380.0,inactive
CHEMBL259077,Nc1ccccc1C(=O)Nc1ccc(CCN2CCc3ccccc3C2)cc1,20900.0,inactive
CHEMBL429515,COc1cc2c(cc1OC)CN(CCc1ccc(NC(=O)c3ccccc3N)cc1)CC2,20700.0,inactive
CHEMBL261632,COc1cc2c(cc1OC)CN(CCc1ccc(NC(=O)c3ccc(N)cc3)cc1)CC2,98200.0,active
CHEMBL595550,COc1ccc(C(=O)Nc2ccccc2NC(=O)Nc2ccc(CCN3CCc4cc(OC)c(OC)cc4C3)cc2)cc1OC,6980.0,active
CHEMBL247473,COc1ccc(C(=O)Nc2ccccc2C(=O)Nc2ccc(CCN3CCc4cc(OC)c(OC)cc4C3)cc2)cc1OC,860.0,active
CHEMBL595493,COc1cc2c(cc1OC)CN(CCc1ccc(NC(=O)c3ccccc3NC(=O)c3ccc([N+](=O)[O-])cc3)cc1)CC2,630.0,active
CHEMBL594336,COc1cc2c(cc1OC)CN(CCc1ccc(NC(=O)c3ccccc3NC(=O)Nc3ccc([N+](=O)[O-])cc3)cc1)CC2,500.0,inactive
CHEMBL488910,COc1ccc2c3c([nH]c2c1)[C@H](CC(C)C)N1C(=O)[C@H](CCC(=O)OC(C)(C)C)NC(=O)[C@@H]1C3,74.0,active
CHEMBL36506,CO[C@@H]1[C@@H](OC(N)=O)[C@@H](O)[C@H](Oc2ccc3c(O)c(NC(=O)c4ccc(O)c(CC=C(C)C)c4)c(=O)oc3c2C)OC1(C)C,104000.0,active
CHEMBL348475,COc1cc2c(cc1OC)CN(CCc1ccc(NC(=O)c3cc(OC)c(OC)cc3NC(=O)c3cnc4ccccc4c3)cc1)CC2,850.0,intermediate
CHEMBL396298,COc1cc2c(cc1OC)CN(CCc1ccc(NC(=O)c3cccc4c(=O)c5cccc(OC)c5[nH]c34)cc1)CC2,430.0,intermediate
CHEMBL939,COc1cc2ncnc(Nc3ccc(F)c(Cl)c3)c2cc1OCCCN1CCOCC1,1260.0,inactive
CHEMBL941,Cc1ccc(NC(=O)c2ccc(CN3CCN(C)CC3)cc2)cc1Nc1nccc(-c2cccnc2)n1,3380.0,inactive
CHEMBL599353,COC(Cc1ccc(O)cc1)C(=O)N/C=C/c1ccc(O)cc1,100000.0,inactive
CHEMBL599354,CO/C(=C\c1ccc(O)cc1)C(=O)NCCc1ccc(O)cc1,25200.0,inactive
CHEMBL607573,COC(Cc1ccc(O)cc1)C(=O)NCCc1ccc(O)cc1,100000.0,inactive
CHEMBL599746,O=C(/C=C/c1ccc(O)cc1)N/C=C/c1ccc(O)cc1,100000.0,inactive
CHEMBL599747,CO/C(=C\c1ccc(O)cc1)C(=O)NCC(O)c1ccc(O)cc1,100000.0,inactive
CHEMBL600469,CO/C(=C\c1ccc(O)cc1)C(=O)O,100000.0,inactive
CHEMBL599744,CO/C(=C\c1ccccc1)C(=O)N/C=C/c1ccc(O)cc1,15400.0,inactive
CHEMBL599745,CO/C(=C\c1ccc(OC)cc1)C(=O)N/C=C/c1ccc(O)cc1,6400.0,inactive
CHEMBL598642,CO/C(=C\c1ccc(O)c(O)c1)C(=O)N/C=C/c1ccc(O)cc1,18800.0,inactive
CHEMBL605795,CO/C(=C\c1cc(Br)c(O)c(Br)c1)C(=O)N/C=C/c1ccc(O)cc1,11100.0,inactive
CHEMBL601642,CO/C(=C\c1cc(Br)c(O)c(Br)c1)C(=O)N/C=C/c1ccc(OC(C)=O)cc1,23200.0,inactive
CHEMBL602891,CO/C(=C\c1ccc(OCc2ccccc2)cc1)C(=O)N/C=C/c1ccc(O)cc1,100000.0,inactive
CHEMBL400538,CCCc1cc(=O)c2c(O)cc3cc(O)cc(OC)c3c2o1,9000.0,inactive
CHEMBL454794,COc1cc(O)cc2cc(O)c3c(=O)cc(C)oc3c12,12800.0,inactive
CHEMBL1172279,CCCc1cc(=O)c2c(OC)cc3cc(O)cc(OC)c3c2o1,5900.0,inactive
CHEMBL1172080,COc1c(O)c2c(=O)cc(C)oc2c2c(OC)cc(O)cc12,11900.0,inactive
CHEMBL401565,CCCc1cc(=O)c2c(O)c(OC)c3cc(O)cc(OC)c3c2o1,20000.0,inactive
CHEMBL256967,CCCc1cc(=O)c2c(OC)c(OC)c3cc(O)cc(OC)c3c2o1,16600.0,inactive
CHEMBL476292,COc1ccc2c(c1)C(=O)CC(c1ccccc1)O2,19000.0,intermediate
CHEMBL254613,COc1cc(O)c2c(c1)O[C@H](c1ccccc1)CC2=O,8900.0,intermediate
CHEMBL107131,COc1cc(OC)c2c(c1)OC(c1ccccc1)CC2=O,17000.0,intermediate
CHEMBL1556958,Cc1c(O)cc2c(c1O)C(=O)CC(c1ccccc1)O2,11000.0,inactive
CHEMBL1685067,COc1cc2c(c(O)c1C)C(=O)CC(c1ccccc1)O2,4900.0,intermediate
CHEMBL1685068,COc1cc(OC)c2c(c1C)OC(c1ccccc1)CC2=O,9300.0,inactive
CHEMBL275638,O=c1cc(-c2ccccc2)oc2ccccc12,17000.0,inactive
CHEMBL137586,COc1ccc2oc(-c3ccccc3)cc(=O)c2c1,3400.0,intermediate
CHEMBL28,O=c1cc(-c2ccc(O)cc2)oc2cc(O)cc(O)c12,3100.0,active
CHEMBL117,O=c1cc(-c2ccccc2)oc2cc(O)cc(O)c12,1500.0,active
CHEMBL275391,COc1cc(OC)c2c(=O)cc(-c3ccccc3)oc2c1,9200.0,inactive
CHEMBL150,O=c1c(O)c(-c2ccc(O)cc2)oc2cc(O)cc(O)c12,4700.0,inactive
CHEMBL50,O=c1c(O)c(-c2ccc(O)c(O)c2)oc2cc(O)cc(O)c12,6900.0,intermediate
CHEMBL28626,O=c1c(O)c(-c2ccc(O)cc2O)oc2cc(O)cc(O)c12,21000.0,intermediate
CHEMBL165509,COc1cc2oc(-c3ccc(O)cc3)c(OC)c(=O)c2c(O)c1OC,1200.0,intermediate
CHEMBL74898,COc1cc(O)c2c(=O)c(OC)c(-c3ccc(OC)c(O)c3)oc2c1,460.0,inactive
CHEMBL77966,COc1cc(O)c2c(=O)c(OC)c(-c3ccc(OC)c(OC)c3)oc2c1,390.0,inactive
CHEMBL73930,COc1ccc(-c2cc(=O)c3c(OC)c(OC)c(OC)c(OC)c3o2)cc1,19000.0,inactive
CHEMBL226507,COc1ccc(-c2cc(=O)c3c(OC)c(OC)c(OC)cc3o2)cc1OC,9000.0,inactive
CHEMBL76447,COc1ccc(-c2cc(=O)c3c(OC)c(OC)c(OC)c(OC)c3o2)cc1OC,4900.0,inactive
CHEMBL77993,COc1ccc(-c2oc3c(OC)c(OC)c(OC)c(OC)c3c(=O)c2OC)cc1OC,1400.0,active
CHEMBL76553,COc1cc2oc(-c3ccccc3)cc(=O)c2c(O)c1C,3000.0,active
CHEMBL1685069,COc1cc2oc(-c3ccccc3)cc(=O)c2c(OC)c1C,5900.0,inactive
CHEMBL44,O=c1c(-c2ccc(O)cc2)coc2cc(O)cc(O)c12,6900.0,inactive
CHEMBL1685072,COC1=C(OC)[C@]2(OC)c3c(OC)c(OC)c4c(c3O[C@@]23O[C@@H](c2ccccc2)CC=C3C1=O)[C@@H](O)C[C@H](c1ccccc1)O4,11000.0,inactive
CHEMBL1685073,COC1=C(OC)[C@]2(OC)c3c(OC)c(OC)c4c(c3O[C@@]23O[C@@H](c2ccccc2)CC=C3C1=O)[C@@H](OC)C[C@H](c1ccccc1)O4,16000.0,inactive
CHEMBL1685074,COc1c2c(c3c(c1OC)[C@@]1(OC)C4=C(C(=O)[C@H](OC)[C@@]1(OC)O3)[C@H](OC)C[C@@H](c1ccccc1)O4)[C@H](O)C[C@@H](c1ccccc1)O2,29000.0,inactive
CHEMBL488910,COc1ccc2c3c([nH]c2c1)[C@H](CC(C)C)N1C(=O)[C@H](CCC(=O)OC(C)(C)C)NC(=O)[C@@H]1C3,210.0,intermediate
CHEMBL348475,COc1cc2c(cc1OC)CN(CCc1ccc(NC(=O)c3cc(OC)c(OC)cc3NC(=O)c3cnc4ccccc4c3)cc1)CC2,940.0,inactive
CHEMBL476292,COc1ccc2c(c1)C(=O)CC(c1ccccc1)O2,46000.0,inactive
CHEMBL254613,COc1cc(O)c2c(c1)O[C@H](c1ccccc1)CC2=O,31000.0,inactive
CHEMBL107131,COc1cc(OC)c2c(c1)OC(c1ccccc1)CC2=O,32000.0,inactive
CHEMBL1556958,Cc1c(O)cc2c(c1O)C(=O)CC(c1ccccc1)O2,26000.0,intermediate
CHEMBL1685067,COc1cc2c(c(O)c1C)C(=O)CC(c1ccccc1)O2,12000.0,active
CHEMBL1685068,COc1cc(OC)c2c(c1C)OC(c1ccccc1)CC2=O,17000.0,active
CHEMBL275638,O=c1cc(-c2ccccc2)oc2ccccc12,26000.0,inactive
CHEMBL137586,COc1ccc2oc(-c3ccccc3)cc(=O)c2c1,10000.0,inactive
CHEMBL28,O=c1cc(-c2ccc(O)cc2)oc2cc(O)cc(O)c12,5900.0,intermediate
CHEMBL117,O=c1cc(-c2ccccc2)oc2cc(O)cc(O)c12,2600.0,intermediate
CHEMBL275391,COc1cc(OC)c2c(=O)cc(-c3ccccc3)oc2c1,11000.0,intermediate
CHEMBL150,O=c1c(O)c(-c2ccc(O)cc2)oc2cc(O)cc(O)c12,6200.0,inactive
CHEMBL50,O=c1c(O)c(-c2ccc(O)c(O)c2)oc2cc(O)cc(O)c12,7600.0,inactive
CHEMBL28626,O=c1c(O)c(-c2ccc(O)cc2O)oc2cc(O)cc(O)c12,49000.0,inactive
CHEMBL165509,COc1cc2oc(-c3ccc(O)cc3)c(OC)c(=O)c2c(O)c1OC,2000.0,inactive
CHEMBL74898,COc1cc(O)c2c(=O)c(OC)c(-c3ccc(OC)c(O)c3)oc2c1,680.0,inactive
CHEMBL77966,COc1cc(O)c2c(=O)c(OC)c(-c3ccc(OC)c(OC)c3)oc2c1,900.0,active
CHEMBL73930,COc1ccc(-c2cc(=O)c3c(OC)c(OC)c(OC)c(OC)c3o2)cc1,17000.0,intermediate
CHEMBL226507,COc1ccc(-c2cc(=O)c3c(OC)c(OC)c(OC)cc3o2)cc1OC,8300.0,inactive
CHEMBL76447,COc1ccc(-c2cc(=O)c3c(OC)c(OC)c(OC)c(OC)c3o2)cc1OC,4400.0,inactive
CHEMBL77993,COc1ccc(-c2oc3c(OC)c(OC)c(OC)c(OC)c3c(=O)c2OC)cc1OC,1600.0,intermediate
CHEMBL76553,COc1cc2oc(-c3ccccc3)cc(=O)c2c(O)c1C,2800.0,inactive
CHEMBL1685069,COc1cc2oc(-c3ccccc3)cc(=O)c2c(OC)c1C,8000.0,inactive
CHEMBL44,O=c1c(-c2ccc(O)cc2)coc2cc(O)cc(O)c12,8800.0,inactive
CHEMBL1685072,COC1=C(OC)[C@]2(OC)c3c(OC)c(OC)c4c(c3O[C@@]23O[C@@H](c2ccccc2)CC=C3C1=O)[C@@H](O)C[C@H](c1ccccc1)O4,15000.0,inactive
CHEMBL1685073,COC1=C(OC)[C@]2(OC)c3c(OC)c(OC)c4c(c3O[C@@]23O[C@@H](c2ccccc2)CC=C3C1=O)[C@@H](OC)C[C@H](c1ccccc1)O4,47000.0,inactive
CHEMBL1685074,COc1c2c(c3c(c1OC)[C@@]1(OC)C4=C(C(=O)[C@H](OC)[C@@]1(OC)O3)[C@H](OC)C[C@@H](c1ccccc1)O4)[C@H](O)C[C@@H](c1ccccc1)O2,40000.0,inactive
CHEMBL488910,COc1ccc2c3c([nH]c2c1)[C@H](CC(C)C)N1C(=O)[C@H](CCC(=O)OC(C)(C)C)NC(=O)[C@@H]1C3,390.0,active
CHEMBL348475,COc1cc2c(cc1OC)CN(CCc1ccc(NC(=O)c3cc(OC)c(OC)cc3NC(=O)c3cnc4ccccc4c3)cc1)CC2,1500.0,active
CHEMBL308954,Cc1cc(C#N)cc(C)c1Oc1nc(Nc2ccc(C#N)cc2)nc(N)c1Br,6000.0,active
CHEMBL1689340,COc1ccc([C@@H]2CC(=O)c3c(O)cc(O)c(CC=C(C)C)c3O2)cc1O,6600.0,active
CHEMBL1689341,CC(C)=CCc1c(O)c(CC=C(C)C)c2c(c1O)C(=O)C[C@@H](c1cc(O)cc(O)c1)O2,4100.0,active
CHEMBL1689342,CC(C)=CCC/C(C)=C/Cc1c(O)cc(O)c2c1O[C@H](c1cc(O)cc(O)c1)CC2=O,15500.0,active
CHEMBL556429,COc1ccc([C@@H]2CC(=O)c3c(O)cc(O)c(CC=C(C)C)c3O2)cc1,22600.0,active
CHEMBL478764,CC(C)=CCC/C(C)=C/Cc1c(O)cc2oc(-c3ccc(O)cc3)c(O)c(=O)c2c1O,5700.0,inactive
CHEMBL490697,CC(C)=CCC/C(C)=C/Cc1c(O)cc(O)c2c1O[C@H](c1ccc(O)cc1)CC2=O,12300.0,inactive
CHEMBL376915,CC(C)=CCc1c(O)cc(O)c2c1O[C@H](c1ccc(O)cc1)CC2=O,3100.0,inactive
CHEMBL74898,COc1cc(O)c2c(=O)c(OC)c(-c3ccc(OC)c(O)c3)oc2c1,5700.0,inactive
CHEMBL165180,COc1cc(O)c2c(=O)c(OC)c(-c3ccc(O)c(OC)c3)oc2c1,17200.0,inactive
CHEMBL151,O=c1cc(-c2ccc(O)c(O)c2)oc2cc(O)cc(O)c12,8900.0,active
CHEMBL1689344,COc1cc(O)c(CC=C(C)C)c(-c2oc3cc(O)cc(O)c3c(=O)c2OC)c1,8400.0,active
CHEMBL1689345,C/C(=C/Cc1c(-c2cc(O)c(O)cc2O)oc2c3c(cc(O)c2c1=O)OC(C)(C)C=C3)CO,6500.0,inactive
CHEMBL410316,COc1ccc2c3c([nH]c2c1)[C@H](C=C(C)C)N1C(=O)[C@@H]2CCCN2C(=O)[C@@H]1C3,800.0,inactive
CHEMBL1777831,COCCOCCOCCOc1cc2c(cc1OC)CCN(CCc1ccc(NC(=O)c3ccc(C(=O)OC)c(NC(=O)c4ccc5ncccc5c4)c3)cc1)C2,508.0,active
CHEMBL1779526,COCCOCCOCCOc1cc2c(cc1OC)CCN(CCc1ccc(NC(=O)c3ccc(C(=O)OC)c(NC(=O)c4ccc5ccccc5n4)c3)cc1)C2,130.0,intermediate
CHEMBL1779525,COCCOCCOCCOc1cc2c(cc1OC)CN(CCc1ccc(NC(=O)c3ccc(C(=O)OC)c(NC(=O)c4ccc5ncccc5c4)c3)cc1)CC2,390.0,intermediate
CHEMBL1779524,COCCOCCOCCOc1cc2c(cc1OC)CN(CCc1ccc(NC(=O)c3ccc(C(=O)OC)c(NC(=O)c4ccc5ccccc5n4)c3)cc1)CC2,183.0,inactive
CHEMBL455275,COC(=O)c1ccc(C(=O)Nc2ccc(CCN3CCc4cc(OC)c(OC)cc4C3)cc2)cc1NC(=O)c1ccc2ncccc2c1,172.0,inactive
CHEMBL502503,COC(=O)c1ccc(C(=O)Nc2ccc(CCN3CCc4cc(OC)c(OC)cc4C3)cc2)cc1NC(=O)c1ccc2ccccc2n1,59.0,intermediate
CHEMBL1779523,COCCOCCOCCOc1cc2c(cc1OC)CCN(CCc1ccc(NC(=O)c3ccc(C(=O)O)c(NC(=O)c4ccc5ncccc5c4)c3)cc1)C2.O=C(O)C(F)(F)F,50000.0,intermediate
CHEMBL1779522,COCCOCCOCCOc1cc2c(cc1OC)CCN(CCc1ccc(NC(=O)c3ccc(C(=O)O)c(NC(=O)c4ccc5ccccc5n4)c3)cc1)C2.O=C(O)C(F)(F)F,6200.0,intermediate
CHEMBL1779521,COCCOCCOCCOc1cc2c(cc1OC)CN(CCc1ccc(NC(=O)c3ccc(C(=O)O)c(NC(=O)c4ccc5ncccc5c4)c3)cc1)CC2.O=C(O)C(F)(F)F,50000.0,inactive
CHEMBL1779520,COCCOCCOCCOc1cc2c(cc1OC)CN(CCc1ccc(NC(=O)c3ccc(C(=O)O)c(NC(=O)c4ccc5ccccc5n4)c3)cc1)CC2.O=C(O)C(F)(F)F,50000.0,inactive
CHEMBL1779519,COc1cc2c(cc1OC)CN(CCc1ccc(NC(=O)c3ccc(C(=O)O)c(NC(=O)c4ccc5ncccc5c4)c3)cc1)CC2.O=C(O)C(F)(F)F,100000.0,intermediate
CHEMBL1779518,COc1cc2c(cc1OC)CN(CCc1ccc(NC(=O)c3ccc(C(=O)O)c(NC(=O)c4ccc5ccccc5n4)c3)cc1)CC2.O=C(O)C(F)(F)F,5000.0,intermediate
CHEMBL396298,COc1cc2c(cc1OC)CN(CCc1ccc(NC(=O)c3cccc4c(=O)c5cccc(OC)c5[nH]c34)cc1)CC2,127.0,intermediate
CHEMBL348475,COc1cc2c(cc1OC)CN(CCc1ccc(NC(=O)c3cc(OC)c(OC)cc3NC(=O)c3cnc4ccccc4c3)cc1)CC2,526.0,intermediate
CHEMBL389328,COc1ccc(/C=C/C(=O)c2ccccc2O)cc1OC,5070.0,intermediate
CHEMBL182653,COc1ccc(/C=C/C(=O)c2ccc(O)cc2O)cc1,33320.0,intermediate
CHEMBL573524,COc1ccc(/C=C/C(=O)c2ccc(O)cc2O)cc1OC,930.0,inactive
CHEMBL573523,COc1cccc(/C=C/C(=O)c2ccc(O)cc2O)c1,2800.0,inactive
CHEMBL1935203,O=C(/C=C/c1ccccc1Cl)c1ccc(O)cc1O,3210.0,intermediate
CHEMBL139679,O=C(/C=C/c1ccc(Cl)cc1)c1ccc(O)cc1O,6070.0,inactive
CHEMBL317469,COc1ccc(C(=O)/C=C/c2ccccc2)c(O)c1,31020.0,inactive
CHEMBL229907,COc1ccc(/C=C/C(=O)c2ccc(OC)cc2O)cc1,4200.0,intermediate
CHEMBL262597,COc1ccc(C(=O)/C=C/c2ccc(OC)c(OC)c2)c(O)c1,2170.0,intermediate
CHEMBL260597,COc1cccc(/C=C/C(=O)c2ccc(OC)cc2O)c1,3150.0,intermediate
CHEMBL405022,COc1ccc(C(=O)/C=C/c2ccccc2Cl)c(O)c1,6850.0,intermediate
CHEMBL406861,COc1ccc(C(=O)/C=C/c2ccc(Cl)cc2)c(O)c1,13510.0,inactive
CHEMBL36584,COc1ccc(/C=C/C(=O)c2ccc(OC)cc2OC)cc1,2340.0,active
CHEMBL1935205,COc1ccc(C(=O)/C=C/c2ccc(OC)c(OC)c2)c(OC)c1,2200.0,intermediate
CHEMBL241781,COc1ccc(C(=O)/C=C/c2ccccc2Cl)c(OC)c1,3130.0,inactive
CHEMBL138662,COc1ccc(C(=O)/C=C/c2ccc(Cl)cc2)c(OC)c1,3090.0,active
CHEMBL243829,COc1ccc(/C=C/C(=O)c2c(O)cc(OC)cc2OC)cc1,5830.0,intermediate
CHEMBL243830,COc1cc(O)c(C(=O)/C=C/c2ccc(OC)c(OC)c2)c(OC)c1,750.0,inactive
CHEMBL252869,COc1cc(O)c(C(=O)/C=C/c2ccccc2Cl)c(OC)c1,5270.0,inactive
CHEMBL36619,COc1ccc(/C=C/C(=O)c2ccc(OC)c(OC)c2)cc1,2190.0,intermediate
CHEMBL595816,COc1ccc(/C=C/C(=O)c2ccc(OC)c(OC)c2)cc1OC,3280.0,intermediate
CHEMBL1935207,COc1ccc(C(=O)/C=C/c2ccccc2Cl)cc1OC,11040.0,intermediate
CHEMBL1935208,COc1ccc(C(=O)/C=C/c2ccc(Cl)cc2)cc1OC,2720.0,intermediate
CHEMBL1935209,O=C(/C=C/c1ccccc1)c1ccc2ccccc2c1O,24320.0,inactive
CHEMBL1935210,COc1ccc(/C=C/C(=O)c2ccc3ccccc3c2O)cc1,16920.0,intermediate
CHEMBL1935211,COc1ccc(/C=C/C(=O)c2ccc3ccccc3c2O)cc1OC,2500.0,intermediate
CHEMBL1935212,COc1cccc(/C=C/C(=O)c2ccc3ccccc3c2O)c1,11890.0,intermediate
CHEMBL1935215,O=C(/C=C/c1ccc(Cl)c(Cl)c1)c1ccc2ccccc2c1O,26120.0,active
CHEMBL1935216,O=C(/C=C/c1ccccc1)c1c(O)ccc2ccccc12,2770.0,intermediate
CHEMBL1935217,COc1ccc(/C=C/C(=O)c2c(O)ccc3ccccc23)cc1,3810.0,intermediate
CHEMBL1935218,COc1ccc(/C=C/C(=O)c2c(O)ccc3ccccc23)cc1OC,1840.0,intermediate
CHEMBL1935219,COc1cccc(/C=C/C(=O)c2c(O)ccc3ccccc23)c1,1930.0,inactive
CHEMBL1935220,O=C(/C=C/c1ccccc1Cl)c1c(O)ccc2ccccc12,5210.0,intermediate
CHEMBL1935222,O=C(/C=C/c1ccc(Cl)c(Cl)c1)c1c(O)ccc2ccccc12,8780.0,inactive
CHEMBL488910,COc1ccc2c3c([nH]c2c1)[C@H](CC(C)C)N1C(=O)[C@H](CCC(=O)OC(C)(C)C)NC(=O)[C@@H]1C3,330.0,intermediate
CHEMBL389328,COc1ccc(/C=C/C(=O)c2ccccc2O)cc1OC,4970.0,active
CHEMBL182653,COc1ccc(/C=C/C(=O)c2ccc(O)cc2O)cc1,12050.0,inactive
CHEMBL573524,COc1ccc(/C=C/C(=O)c2ccc(O)cc2O)cc1OC,850.0,inactive
CHEMBL573523,COc1cccc(/C=C/C(=O)c2ccc(O)cc2O)c1,1940.0,active
CHEMBL1935203,O=C(/C=C/c1ccccc1Cl)c1ccc(O)cc1O,3280.0,intermediate
CHEMBL139679,O=C(/C=C/c1ccc(Cl)cc1)c1ccc(O)cc1O,6370.0,active
CHEMBL317469,COc1ccc(C(=O)/C=C/c2ccccc2)c(O)c1,30950.0,active
CHEMBL229907,COc1ccc(/C=C/C(=O)c2ccc(OC)cc2O)cc1,2200.0,active
CHEMBL262597,COc1ccc(C(=O)/C=C/c2ccc(OC)c(OC)c2)c(O)c1,1060.0,active
CHEMBL260597,COc1cccc(/C=C/C(=O)c2ccc(OC)cc2O)c1,1470.0,active
CHEMBL405022,COc1ccc(C(=O)/C=C/c2ccccc2Cl)c(O)c1,3320.0,active
CHEMBL406861,COc1ccc(C(=O)/C=C/c2ccc(Cl)cc2)c(O)c1,10720.0,active
CHEMBL36584,COc1ccc(/C=C/C(=O)c2ccc(OC)cc2OC)cc1,1910.0,active
CHEMBL1935205,COc1ccc(C(=O)/C=C/c2ccc(OC)c(OC)c2)c(OC)c1,1030.0,active
CHEMBL241781,COc1ccc(C(=O)/C=C/c2ccccc2Cl)c(OC)c1,2630.0,active
CHEMBL138662,COc1ccc(C(=O)/C=C/c2ccc(Cl)cc2)c(OC)c1,1130.0,active
CHEMBL243829,COc1ccc(/C=C/C(=O)c2c(O)cc(OC)cc2OC)cc1,3000.0,active
CHEMBL243830,COc1cc(O)c(C(=O)/C=C/c2ccc(OC)c(OC)c2)c(OC)c1,530.0,active
CHEMBL252869,COc1cc(O)c(C(=O)/C=C/c2ccccc2Cl)c(OC)c1,2820.0,active
CHEMBL36619,COc1ccc(/C=C/C(=O)c2ccc(OC)c(OC)c2)cc1,1160.0,inactive
CHEMBL595816,COc1ccc(/C=C/C(=O)c2ccc(OC)c(OC)c2)cc1OC,3800.0,active
CHEMBL1935207,COc1ccc(C(=O)/C=C/c2ccccc2Cl)cc1OC,7800.0,active
CHEMBL1935208,COc1ccc(C(=O)/C=C/c2ccc(Cl)cc2)cc1OC,1730.0,active
CHEMBL1935209,O=C(/C=C/c1ccccc1)c1ccc2ccccc2c1O,9230.0,active
CHEMBL1935210,COc1ccc(/C=C/C(=O)c2ccc3ccccc3c2O)cc1,9830.0,active
CHEMBL1935211,COc1ccc(/C=C/C(=O)c2ccc3ccccc3c2O)cc1OC,1950.0,intermediate
CHEMBL1935212,COc1cccc(/C=C/C(=O)c2ccc3ccccc3c2O)c1,5680.0,inactive
CHEMBL1935215,O=C(/C=C/c1ccc(Cl)c(Cl)c1)c1ccc2ccccc2c1O,22390.0,inactive
CHEMBL1935216,O=C(/C=C/c1ccccc1)c1c(O)ccc2ccccc12,2580.0,inactive
CHEMBL1935217,COc1ccc(/C=C/C(=O)c2c(O)ccc3ccccc23)cc1,2890.0,inactive
CHEMBL1935218,COc1ccc(/C=C/C(=O)c2c(O)ccc3ccccc23)cc1OC,720.0,intermediate
CHEMBL1935219,COc1cccc(/C=C/C(=O)c2c(O)ccc3ccccc23)c1,1930.0,active
CHEMBL1935220,O=C(/C=C/c1ccccc1Cl)c1c(O)ccc2ccccc12,5580.0,inactive
CHEMBL1935222,O=C(/C=C/c1ccc(Cl)c(Cl)c1)c1c(O)ccc2ccccc12,7260.0,intermediate
CHEMBL488910,COc1ccc2c3c([nH]c2c1)[C@H](CC(C)C)N1C(=O)[C@H](CCC(=O)OC(C)(C)C)NC(=O)[C@@H]1C3,260.0,intermediate
CHEMBL2013174,CC[C@@H]1C[C@]1(NC(=O)[C@@H]1C[C@@H](Oc2cc(-c3csc(NC(C)C)n3)nc3c(Cl)c(OCCN4CCOCC4)ccc23)CN1C(=O)[C@@H](NC(=O)O[C@@H]1C[C@@H]2C[C@@H]2C1)C(C)(C)C)C(=O)O,1400.0,intermediate
CHEMBL2011282,COc1ccc(CCNC(=O)c2cc(=O)c3c(OCc4ccccc4)cccc3o2)cc1OC,170.0,intermediate
CHEMBL2011286,COc1ccc(CCNC(=O)c2cc(=O)c3c(OCCc4ccc(OC)c(OC)c4)cccc3o2)cc1OC,470.0,active
CHEMBL2011287,COc1ccc2[nH]cc(CCNC(=O)c3cc(=O)c4c(OCc5ccccc5)cccc4o3)c2c1,180.0,inactive
CHEMBL2011288,COc1ccc2[nH]cc(CCNC(=O)c3cc(=O)c4c(OCc5ccc(Br)cc5)cccc4o3)c2c1,110.0,inactive
CHEMBL2011289,COc1ccc2[nH]cc(CCNC(=O)c3cc(=O)c4c(OCc5ccc(C)cc5)cccc4o3)c2c1,200.0,inactive
CHEMBL2011290,COc1ccc2[nH]cc(CCNC(=O)c3cc(=O)c4c(OCCc5ccccc5)cccc4o3)c2c1,160.0,inactive
CHEMBL488910,COc1ccc2c3c([nH]c2c1)[C@H](CC(C)C)N1C(=O)[C@H](CCC(=O)OC(C)(C)C)NC(=O)[C@@H]1C3,50.0,inactive
CHEMBL260654,COc1cc(O)c(C(=O)/C=C/c2c(OC)cccc2OC)c(OC)c1,350.0,inactive
CHEMBL404782,COc1cc(/C=C/C(=O)c2c(O)cc(OC)cc2OC)cc(OC)c1,170.0,inactive
CHEMBL406837,COc1cccc(/C=C/C(=O)c2c(O)cc(OC)cc2OC)c1,260.0,intermediate
CHEMBL1834566,COc1cc(OC)c(/C=C/C(=O)c2cn(C)c3ccccc23)c(OC)c1,450.0,active
CHEMBL1834565,COc1cccc(OC)c1/C=C/C(=O)c1cn(C)c2ccccc12,270.0,active
CHEMBL1834568,COc1cc(OC)c(/C=C/C(=O)c2cn(C)c3ccc(OC)cc23)c(OC)c1,350.0,intermediate
CHEMBL84,CC[C@@]1(O)C(=O)OCc2c1cc1n(c2=O)Cc2cc3c(CN(C)C)c(O)ccc3nc2-1,170.0,active
CHEMBL837,CCc1c2c(nc3ccc(O)cc13)-c1cc3c(c(=O)n1C2)COC(=O)[C@]3(O)CC,176.0,active
CHEMBL488910,COc1ccc2c3c([nH]c2c1)[C@H](CC(C)C)N1C(=O)[C@H](CCC(=O)OC(C)(C)C)NC(=O)[C@@H]1C3,5.0,inactive
CHEMBL6966,COc1ccc(CCN(C)CCCC(C#N)(c2ccc(OC)c(OC)c2)C(C)C)cc1OC,50000.0,intermediate
CHEMBL91867,CC#CC(=O)Nc1ccc2ncnc(Nc3cccc(Br)c3)c2c1,200.0,intermediate
CHEMBL939,COc1cc2ncnc(Nc3ccc(F)c(Cl)c3)c2cc1OCCCN1CCOCC1,400.0,intermediate
CHEMBL411,CC/C(=C(/CC)c1ccc(O)cc1)c1ccc(O)cc1,500.0,intermediate
CHEMBL941,Cc1ccc(NC(=O)c2ccc(CN3CCN(C)CC3)cc2)cc1Nc1nccc(-c2cccnc2)n1,500.0,intermediate
CHEMBL941,Cc1ccc(NC(=O)c2ccc(CN3CCN(C)CC3)cc2)cc1Nc1nccc(-c2cccnc2)n1,900.0,inactive
CHEMBL2074917,CC/C(=C(/c1ccc(OCCN(C)C)cc1)c1ccc(OCc2ccc([N+](=O)[O-])cc2)cc1)c1ccccc1,1500.0,active
CHEMBL1502,COc1ccnc(C[S+]([O-])c2nc3cc(OC(F)F)ccc3[nH]2)c1OC,10000.0,intermediate
CHEMBL584,Cc1c(O)cccc1C(=O)N[C@@H](CSc1ccccc1)[C@H](O)CN1C[C@H]2CCCC[C@H]2C[C@H]1C(=O)NC(C)(C)C,12500.0,inactive
CHEMBL472,COc1ccc(Cl)cc1C(=O)NCCc1ccc(S(=O)(=O)NC(=O)NC2CCCCC2)cc1,150000.0,intermediate
CHEMBL163,CC(C)c1nc(CN(C)C(=O)N[C@H](C(=O)N[C@@H](Cc2ccccc2)C[C@H](O)[C@H](Cc2ccccc2)NC(=O)OCc2cncs2)C(C)C)cs1,19500.0,intermediate
CHEMBL114,CC(C)(C)NC(=O)[C@@H]1C[C@@H]2CCCC[C@@H]2CN1C[C@@H](O)[C@H](Cc1ccccc1)NC(=O)[C@H](CC(N)=O)NC(=O)c1ccc2ccccc2n1,19500.0,intermediate
CHEMBL36506,CO[C@@H]1[C@@H](OC(N)=O)[C@@H](O)[C@H](Oc2ccc3c(O)c(NC(=O)c4ccc(O)c(CC=C(C)C)c4)c(=O)oc3c2C)OC1(C)C,25000.0,intermediate
CHEMBL1405,C[C@]12CC[C@@H]3c4ccc(O)cc4CC[C@H]3[C@@H]1CCC2=O,3000.0,intermediate
CHEMBL411,CC/C(=C(/CC)c1ccc(O)cc1)c1ccc(O)cc1,500.0,active
CHEMBL1405,C[C@]12CC[C@@H]3c4ccc(O)cc4CC[C@H]3[C@@H]1CCC2=O,10000.0,active
CHEMBL2074984,CC/C(=C(/c1ccc(OCCN(C)C)cc1)c1ccc(OCc2ccccc2)cc1)c1ccccc1,2000.0,active
CHEMBL2074917,CC/C(=C(/c1ccc(OCCN(C)C)cc1)c1ccc(OCc2ccc([N+](=O)[O-])cc2)cc1)c1ccccc1,2000.0,active
CHEMBL2074984,CC/C(=C(/c1ccc(OCCN(C)C)cc1)c1ccc(OCc2ccccc2)cc1)c1ccccc1,2000.0,active
CHEMBL1525298,CCC(=O)Oc1ccc(/C(CC)=C(\CC)c2ccc(OC(=O)CC)cc2)cc1,3000.0,active
CHEMBL1525298,CCC(=O)Oc1ccc(/C(CC)=C(\CC)c2ccc(OC(=O)CC)cc2)cc1,3000.0,active
CHEMBL488910,COc1ccc2c3c([nH]c2c1)[C@H](CC(C)C)N1C(=O)[C@H](CCC(=O)OC(C)(C)C)NC(=O)[C@@H]1C3,250.0,active
CHEMBL2158549,O=[N+]([O-])c1ccc(N2CCN(c3nc(-c4ccccc4)nc4ccccc34)CC2)cc1,9350.0,active
CHEMBL2158548,O=[N+]([O-])c1cccc(N2CCN(c3nc(-c4ccccc4)nc4ccccc34)CC2)c1,7950.0,active
CHEMBL2158547,COc1cccc(N2CCN(c3nc(-c4ccccc4)nc4ccccc34)CC2)c1,8900.0,active
CHEMBL2158546,Fc1ccc(N2CCN(c3nc(-c4ccccc4)nc4ccccc34)CC2)cc1Cl,8220.0,active
CHEMBL2158545,Clc1cccc(N2CCN(c3nc(-c4ccccc4)nc4ccccc34)CC2)c1,5910.0,inactive
CHEMBL2158544,Brc1cccc(N2CCN(c3nc(-c4ccccc4)nc4ccccc34)CC2)c1,5120.0,inactive
CHEMBL1277172,c1ccc(-c2nc(N3CCN(c4ccccc4)CC3)c3ccccc3n2)cc1,8920.0,inactive
CHEMBL2158543,FC(F)(F)c1ccc(Nc2nc(-c3ccccc3)nc3ccccc23)cc1,1530.0,inactive
CHEMBL2158542,FC(F)(F)c1cccc(Nc2nc(-c3ccccc3)nc3ccccc23)c1,250.0,inactive
CHEMBL2158558,N#Cc1cccc(Nc2nc(-c3ccccc3)nc3ccccc23)c1,140.0,inactive
CHEMBL2158557,O=[N+]([O-])c1cc(Nc2nc(-c3ccccc3)nc3ccccc23)ccc1F,2460.0,inactive
CHEMBL2158556,O=[N+]([O-])c1ccc(Nc2nc(-c3ccccc3)nc3ccccc23)cc1,970.0,inactive
CHEMBL118812,O=[N+]([O-])c1cccc(Nc2nc(-c3ccccc3)nc3ccccc23)c1,130.0,inactive
CHEMBL2158555,O=[N+]([O-])c1ccccc1Nc1nc(-c2ccccc2)nc2ccccc12,5930.0,inactive
CHEMBL2158554,COc1ccc(Nc2nc(-c3ccccc3)nc3ccccc23)cc1OC,190.0,inactive
CHEMBL1617104,COc1ccc(Nc2nc(-c3ccccc3)nc3ccccc23)cc1,1930.0,inactive
CHEMBL1190912,COc1cccc(Nc2nc(-c3ccccc3)nc3ccccc23)c1,1320.0,inactive
CHEMBL1338919,COc1ccccc1Nc1nc(-c2ccccc2)nc2ccccc12,2250.0,inactive
CHEMBL2158553,Fc1ccc(Nc2nc(-c3ccccc3)nc3ccccc23)cc1Cl,1660.0,inactive
CHEMBL1195084,Clc1cccc(Nc2nc(-c3ccccc3)nc3ccccc23)c1,1930.0,inactive
CHEMBL2158552,Brc1ccc(Nc2nc(-c3ccccc3)nc3ccccc23)cc1,6830.0,inactive
CHEMBL2158551,Brc1cccc(Nc2nc(-c3ccccc3)nc3ccccc23)c1,570.0,inactive
CHEMBL2158550,Brc1ccccc1Nc1nc(-c2ccccc2)nc2ccccc12,3750.0,inactive
CHEMBL1194993,c1ccc(Nc2nc(-c3ccccc3)nc3ccccc23)cc1,2570.0,inactive
CHEMBL553,C#Cc1cccc(Nc2ncnc3cc(OCCOC)c(OCCOC)cc23)c1,50000.0,intermediate
CHEMBL2331724,COC(=O)c1ccc(-c2ccc(CCN3CCc4cc(OC)c(OC)cc4C3)cc2)cc1NC(=O)c1ccc2ccccc2n1,3214.0,intermediate
CHEMBL2331718,COC(=O)c1ccc(-c2ccc(CN3CCc4cc(OC)c(OC)cc4C3)cc2)cc1NC(=O)c1ccc2ncccc2c1,1540.0,intermediate
CHEMBL2331725,COC(=O)c1ccc(-c2ccc(CN3CCc4ccccc4C3)cc2)cc1NC(=O)c1ccc2ccccc2n1,1461.0,intermediate
CHEMBL2331723,COC(=O)c1ccc(-c2ccc(CCN3CCc4ccccc4C3)cc2)cc1NC(=O)c1ccc2ccccc2n1,1100.0,intermediate
CHEMBL2331719,COCCOCCOCCOc1cc2c(cc1OC)CN(Cc1ccc(-c3ccc(C(=O)OC)c(NC(=O)c4ccc5ccccc5n4)c3)cc1)CC2,1031.0,intermediate
CHEMBL2331717,COC(=O)c1ccc(-c2ccc(CN3CCc4cc(OC)c(OC)cc4C3)cc2)cc1NC(=O)c1ccc2ccccc2n1,943.0,intermediate
CHEMBL2331722,COCCOCCOCCOc1cc2c(cc1OCCOCCOCCOC)CN(Cc1ccc(-c3ccc(C(=O)OC)c(NC(=O)c4ccc5ccccc5n4)c3)cc1)CC2,839.0,intermediate
CHEMBL2331715,COCCOCCOCCOc1cc2c(cc1OC)CCN(CCc1ccc(-c3ccc(C(=O)OC)c(NC(=O)c4ccc5ccccc5n4)c3)cc1)C2,760.0,intermediate
CHEMBL410316,COc1ccc2c3c([nH]c2c1)[C@H](C=C(C)C)N1C(=O)[C@@H]2CCCN2C(=O)[C@@H]1C3,731.0,intermediate
CHEMBL2331726,COC(=O)c1ccc(-c2ccc(CN3CCc4ccccc4C3)cc2)cc1NC(=O)c1ccc2ncccc2c1,641.0,intermediate
CHEMBL2331721,COCCOCCOCCOc1cc2c(cc1OC)CCN(Cc1ccc(-c3ccc(C(=O)OC)c(NC(=O)c4ccc5ccccc5n4)c3)cc1)C2,591.0,intermediate
CHEMBL2331716,COCCOCCOCCOc1cc2c(cc1OCCOCCOCCOC)CN(CCc1ccc(-c3ccc(C(=O)OC)c(NC(=O)c4ccc5ccccc5n4)c3)cc1)CC2,544.0,intermediate
CHEMBL348475,COc1cc2c(cc1OC)CN(CCc1ccc(NC(=O)c3cc(OC)c(OC)cc3NC(=O)c3cnc4ccccc4c3)cc1)CC2,526.0,intermediate
CHEMBL2331720,COCCOCCOCCOc1cc2c(cc1OC)CN(Cc1ccc(-c3ccc(C(=O)OC)c(NC(=O)c4ccc5ncccc5c4)c3)cc1)CC2,237.0,intermediate
CHEMBL396298,COc1cc2c(cc1OC)CN(CCc1ccc(NC(=O)c3cccc4c(=O)c5cccc(OC)c5[nH]c34)cc1)CC2,127.0,intermediate
CHEMBL488910,COc1ccc2c3c([nH]c2c1)[C@H](CC(C)C)N1C(=O)[C@H](CCC(=O)OC(C)(C)C)NC(=O)[C@@H]1C3,117.0,intermediate
CHEMBL502503,COC(=O)c1ccc(C(=O)Nc2ccc(CCN3CCc4cc(OC)c(OC)cc4C3)cc2)cc1NC(=O)c1ccc2ccccc2n1,65.0,intermediate
CHEMBL2420088,COc1cc(-c2oc3c(ccc4ccccc43)c(=O)c2O)ccc1F,22500.0,intermediate
CHEMBL2420088,COc1cc(-c2oc3c(ccc4ccccc43)c(=O)c2O)ccc1F,17900.0,intermediate
CHEMBL2420095,O=c1c(O)c(-c2ccccc2)oc2ccc3ccccc3c12,13600.0,intermediate
CHEMBL2420098,COc1c(-c2ccccc2)oc2ccc3ccccc3c2c1=O,12500.0,intermediate
CHEMBL2331821,COc1ccc(-c2oc3cc(OC)cc(OC)c3c(=O)c2O)cc1,12400.0,intermediate
CHEMBL2420098,COc1c(-c2ccccc2)oc2ccc3ccccc3c2c1=O,11100.0,intermediate
CHEMBL2420095,O=c1c(O)c(-c2ccccc2)oc2ccc3ccccc3c12,11000.0,intermediate
CHEMBL2331821,COc1ccc(-c2oc3cc(OC)cc(OC)c3c(=O)c2O)cc1,8950.0,intermediate
CHEMBL2420096,COc1ccc(-c2oc3ccc4ccccc4c3c(=O)c2O)cc1,8930.0,intermediate
CHEMBL26260,O=c1cc(-c2ccccc2)oc2ccc3ccccc3c12,8320.0,intermediate
CHEMBL2420099,COc1ccc(-c2oc3ccc4ccccc4c3c(=O)c2OC)cc1,8020.0,intermediate
CHEMBL2420102,COc1ccc(-c2oc3ccccc3c(=O)c2OC)cc1,7740.0,intermediate
CHEMBL2420086,COc1ccc(-c2oc3c(ccc4ccccc43)c(=O)c2O)cc1,6930.0,intermediate
CHEMBL2420102,COc1ccc(-c2oc3ccccc3c(=O)c2OC)cc1,6500.0,intermediate
CHEMBL2420096,COc1ccc(-c2oc3ccc4ccccc4c3c(=O)c2O)cc1,6120.0,active
CHEMBL2420097,COc1ccc(-c2oc3ccc4ccccc4c3c(=O)c2O)cc1OC,6120.0,active
CHEMBL26260,O=c1cc(-c2ccccc2)oc2ccc3ccccc3c12,6050.0,active
CHEMBL75169,COc1ccc(-c2oc3cc(OC)cc(OC)c3c(=O)c2OC)c(OC)c1,5980.0,active
CHEMBL75169,COc1ccc(-c2oc3cc(OC)cc(OC)c3c(=O)c2OC)c(OC)c1,5940.0,active
CHEMBL2420100,COc1ccc(-c2oc3ccc4ccccc4c3c(=O)c2OC)cc1OC,5250.0,active
CHEMBL2420086,COc1ccc(-c2oc3c(ccc4ccccc43)c(=O)c2O)cc1,4970.0,active
CHEMBL2420097,COc1ccc(-c2oc3ccc4ccccc4c3c(=O)c2O)cc1OC,4840.0,active
CHEMBL2420100,COc1ccc(-c2oc3ccc4ccccc4c3c(=O)c2OC)cc1OC,4270.0,active
CHEMBL2420092,COc1cc(-c2oc3c(ccc4ccccc43)c(=O)c2OC)ccc1F,4010.0,active
CHEMBL2075017,COc1ccc(-c2oc3cc(OC)cc(O)c3c(=O)c2OC)c(OC)c1,3890.0,active
CHEMBL2075017,COc1ccc(-c2oc3cc(OC)cc(O)c3c(=O)c2OC)c(OC)c1,3270.0,active
CHEMBL2420090,COc1ccc(-c2oc3c(ccc4ccccc43)c(=O)c2OC)cc1,3070.0,inactive
CHEMBL2420099,COc1ccc(-c2oc3ccc4ccccc4c3c(=O)c2OC)cc1,3070.0,intermediate
CHEMBL2420085,O=c1c(O)c(-c2ccccc2)oc2c1ccc1ccccc12,2890.0,intermediate
CHEMBL2420089,COc1c(-c2ccccc2)oc2c(ccc3ccccc32)c1=O,2710.0,intermediate
CHEMBL2420093,COc1ccc(-c2cc(=O)c3c(ccc4ccccc43)o2)cc1,2460.0,intermediate
CHEMBL2420092,COc1cc(-c2oc3c(ccc4ccccc43)c(=O)c2OC)ccc1F,2440.0,intermediate
CHEMBL2420089,COc1c(-c2ccccc2)oc2c(ccc3ccccc32)c1=O,2310.0,intermediate
CHEMBL575808,COc1ccc2c(=O)c(OC)c(-c3ccc(OC)c(OC)c3)oc2c1,2140.0,intermediate
CHEMBL19032,COc1cc(OC)c2c(=O)c(OC)c(-c3ccc(OC)c(OC)c3)oc2c1,1880.0,intermediate
CHEMBL77198,COc1ccc2c(=O)c(O)c(-c3ccc(OC)c(OC)c3)oc2c1,1770.0,intermediate
CHEMBL2420093,COc1ccc(-c2cc(=O)c3c(ccc4ccccc43)o2)cc1,1690.0,intermediate
CHEMBL2420085,O=c1c(O)c(-c2ccccc2)oc2c1ccc1ccccc12,1590.0,intermediate
CHEMBL2420087,COc1ccc(-c2oc3c(ccc4ccccc43)c(=O)c2O)cc1OC,1520.0,intermediate
CHEMBL283196,O=c1cc(-c2ccccc2)oc2c1ccc1ccccc12,1400.0,intermediate
CHEMBL2420103,COc1ccc(-c2oc3ccccc3c(=O)c2OC)cc1OC,1340.0,intermediate
CHEMBL283196,O=c1cc(-c2ccccc2)oc2c1ccc1ccccc12,1310.0,intermediate
CHEMBL2420082,COc1ccc(-c2cc(=O)c3ccc4ccccc4c3o2)cc1,1290.0,intermediate
CHEMBL144625,COc1c(-c2ccccc2)oc2ccccc2c1=O,1280.0,intermediate
CHEMBL2420082,COc1ccc(-c2cc(=O)c3ccc4ccccc4c3o2)cc1,1280.0,intermediate
CHEMBL2420083,COc1ccc(-c2cc(=O)c3ccc4ccccc4c3o2)cc1OC,1230.0,intermediate
CHEMBL144625,COc1c(-c2ccccc2)oc2ccccc2c1=O,1210.0,intermediate
CHEMBL575808,COc1ccc2c(=O)c(OC)c(-c3ccc(OC)c(OC)c3)oc2c1,1180.0,intermediate
CHEMBL2420103,COc1ccc(-c2oc3ccccc3c(=O)c2OC)cc1OC,1180.0,intermediate
CHEMBL2420083,COc1ccc(-c2cc(=O)c3ccc4ccccc4c3o2)cc1OC,1130.0,intermediate
CHEMBL2420090,COc1ccc(-c2oc3c(ccc4ccccc43)c(=O)c2OC)cc1,1060.0,intermediate
CHEMBL77198,COc1ccc2c(=O)c(O)c(-c3ccc(OC)c(OC)c3)oc2c1,1010.0,active
CHEMBL19032,COc1cc(OC)c2c(=O)c(OC)c(-c3ccc(OC)c(OC)c3)oc2c1,822.0,active
CHEMBL2420087,COc1ccc(-c2oc3c(ccc4ccccc43)c(=O)c2O)cc1OC,724.0,active
CHEMBL2420094,COc1ccc(-c2cc(=O)c3c(ccc4ccccc43)o2)cc1OC,590.0,active
CHEMBL77966,COc1cc(O)c2c(=O)c(OC)c(-c3ccc(OC)c(OC)c3)oc2c1,570.0,active
CHEMBL77966,COc1cc(O)c2c(=O)c(OC)c(-c3ccc(OC)c(OC)c3)oc2c1,540.0,active
CHEMBL2420084,COc1cc(-c2cc(=O)c3ccc4ccccc4c3o2)ccc1F,522.0,active
CHEMBL2420091,COc1ccc(-c2oc3c(ccc4ccccc43)c(=O)c2OC)cc1OC,468.0,active
CHEMBL2420094,COc1ccc(-c2cc(=O)c3c(ccc4ccccc43)o2)cc1OC,458.0,active
CHEMBL2420084,COc1cc(-c2cc(=O)c3ccc4ccccc4c3o2)ccc1F,457.0,active
CHEMBL2420091,COc1ccc(-c2oc3c(ccc4ccccc43)c(=O)c2OC)cc1OC,426.0,active
CHEMBL488910,COc1ccc2c3c([nH]c2c1)[C@H](CC(C)C)N1C(=O)[C@H](CCC(=O)OC(C)(C)C)NC(=O)[C@@H]1C3,354.0,active
CHEMBL488910,COc1ccc2c3c([nH]c2c1)[C@H](CC(C)C)N1C(=O)[C@H](CCC(=O)OC(C)(C)C)NC(=O)[C@@H]1C3,215.0,active
CHEMBL100714,COc1ccc(Nc2ncnc3cc(OC)c(OC)cc23)cc1OC,7380.0,active
CHEMBL3092494,COc1ccc(Nc2ncnc3ccccc23)cc1OC,4790.0,active
CHEMBL3092481,COc1ccc(-c2nc(Nc3ccccc3)c3ccccc3n2)cc1OC,4090.0,active
CHEMBL3092495,COc1cc2ncnc(Nc3ccccc3[N+](=O)[O-])c2cc1OC,3970.0,active
CHEMBL3092495,COc1cc2ncnc(Nc3ccccc3[N+](=O)[O-])c2cc1OC,3800.0,active
CHEMBL100714,COc1ccc(Nc2ncnc3cc(OC)c(OC)cc23)cc1OC,3790.0,active
CHEMBL3092494,COc1ccc(Nc2ncnc3ccccc23)cc1OC,3380.0,active
CHEMBL939,COc1cc2ncnc(Nc3ccc(F)c(Cl)c3)c2cc1OCCCN1CCOCC1,3190.0,active
CHEMBL3092497,COc1cc2ncnc(Nc3ccc([N+](=O)[O-])cc3)c2cc1OC,2920.0,active
CHEMBL3092497,COc1cc2ncnc(Nc3ccc([N+](=O)[O-])cc3)c2cc1OC,2460.0,active
CHEMBL316064,COc1cc2ncnc(Nc3cccc(C(F)(F)F)c3)c2cc1OC,2400.0,active
CHEMBL29197,COc1cc2ncnc(Nc3cccc(Br)c3)c2cc1OC,2320.0,active
CHEMBL3092492,N#Cc1cccc(Nc2ncnc3ccccc23)c1,2030.0,active
CHEMBL3092481,COc1ccc(-c2nc(Nc3ccccc3)c3ccccc3n2)cc1OC,1990.0,active
CHEMBL316064,COc1cc2ncnc(Nc3cccc(C(F)(F)F)c3)c2cc1OC,1980.0,active
CHEMBL3092501,COc1ccc(Nc2nc(Nc3ccc(OC)c(OC)c3)c3cc(OC)c(OC)cc3n2)cc1OC,1740.0,active
CHEMBL29197,COc1cc2ncnc(Nc3cccc(Br)c3)c2cc1OC,1730.0,active
CHEMBL92824,FC(F)(F)c1cccc(Nc2ncnc3ccccc23)c1,1550.0,active
CHEMBL3092484,COc1ccc(-c2nc(Nc3ccccc3[N+](=O)[O-])c3ccccc3n2)cc1OC,1550.0,active
CHEMBL3092501,COc1ccc(Nc2nc(Nc3ccc(OC)c(OC)c3)c3cc(OC)c(OC)cc3n2)cc1OC,1520.0,active
CHEMBL290096,Brc1cccc(Nc2ncnc3ccccc23)c1,1480.0,active
CHEMBL3092492,N#Cc1cccc(Nc2ncnc3ccccc23)c1,1180.0,active
CHEMBL3092493,O=[N+]([O-])c1cccc(Nc2ncnc3ccccc23)c1,1130.0,intermediate
CHEMBL290096,Brc1cccc(Nc2ncnc3ccccc23)c1,1080.0,active
CHEMBL2333998,COc1cc2ncnc(Nc3cccc(C#N)c3)c2cc1OC,1060.0,active
CHEMBL92824,FC(F)(F)c1cccc(Nc2ncnc3ccccc23)c1,940.0,active
CHEMBL2333998,COc1cc2ncnc(Nc3cccc(C#N)c3)c2cc1OC,930.0,active
CHEMBL3092496,COc1cc2ncnc(Nc3cccc([N+](=O)[O-])c3)c2cc1OC,910.0,intermediate
CHEMBL3092493,O=[N+]([O-])c1cccc(Nc2ncnc3ccccc23)c1,890.0,intermediate
CHEMBL1999832,COc1cc2nc(Nc3cccc(Br)c3)nc(Nc3cccc(Br)c3)c2cc1OC,860.0,active
CHEMBL3092496,COc1cc2ncnc(Nc3cccc([N+](=O)[O-])c3)c2cc1OC,810.0,intermediate
CHEMBL3092498,COc1cc2nc(Nc3cccc(C(F)(F)F)c3)nc(Nc3cccc(C(F)(F)F)c3)c2cc1OC,800.0,intermediate
CHEMBL3092491,COc1ccc(-c2nc(Nc3ccc(O)cc3)c3ccccc3n2)cc1OC,680.0,intermediate
CHEMBL1999832,COc1cc2nc(Nc3cccc(Br)c3)nc(Nc3cccc(Br)c3)c2cc1OC,670.0,intermediate
CHEMBL3092484,COc1ccc(-c2nc(Nc3ccccc3[N+](=O)[O-])c3ccccc3n2)cc1OC,640.0,active
CHEMBL3092498,COc1cc2nc(Nc3cccc(C(F)(F)F)c3)nc(Nc3cccc(C(F)(F)F)c3)c2cc1OC,610.0,active
CHEMBL3092483,COc1ccc(Nc2nc(-c3ccc(OC)c(OC)c3)nc3ccccc23)cc1OC,610.0,active
CHEMBL3092499,COc1cc2nc(Nc3cccc(C#N)c3)nc(Nc3cccc(C#N)c3)c2cc1OC,480.0,active
CHEMBL3092499,COc1cc2nc(Nc3cccc(C#N)c3)nc(Nc3cccc(C#N)c3)c2cc1OC,470.0,active
CHEMBL3092491,COc1ccc(-c2nc(Nc3ccc(O)cc3)c3ccccc3n2)cc1OC,470.0,inactive
CHEMBL3092483,COc1ccc(Nc2nc(-c3ccc(OC)c(OC)c3)nc3ccccc23)cc1OC,420.0,inactive
CHEMBL3092482,COc1ccc(-c2nc(Nc3cccc(Br)c3)c3ccccc3n2)cc1OC,400.0,active
CHEMBL488910,COc1ccc2c3c([nH]c2c1)[C@H](CC(C)C)N1C(=O)[C@H](CCC(=O)OC(C)(C)C)NC(=O)[C@@H]1C3,330.0,active
CHEMBL3092500,COc1cc2nc(Nc3cccc([N+](=O)[O-])c3)nc(Nc3cccc([N+](=O)[O-])c3)c2cc1OC,330.0,intermediate
CHEMBL3092500,COc1cc2nc(Nc3cccc([N+](=O)[O-])c3)nc(Nc3cccc([N+](=O)[O-])c3)c2cc1OC,320.0,inactive
CHEMBL3092486,COc1ccc(-c2nc(Nc3ccc([N+](=O)[O-])cc3)c3ccccc3n2)cc1OC,320.0,active
CHEMBL3092488,COc1ccc(-c2nc(Nc3cccc(C#N)c3)c3ccccc3n2)cc1OC,300.0,active
CHEMBL3092487,COc1ccc(-c2nc(Nc3cccc(C(F)(F)F)c3)c3ccccc3n2)cc1OC,300.0,active
CHEMBL3092486,COc1ccc(-c2nc(Nc3ccc([N+](=O)[O-])cc3)c3ccccc3n2)cc1OC,300.0,active
CHEMBL3092489,COc1ccc(-c2nc(Nc3ccccc3O)c3ccccc3n2)cc1OC,290.0,active
CHEMBL3092482,COc1ccc(-c2nc(Nc3cccc(Br)c3)c3ccccc3n2)cc1OC,290.0,active
CHEMBL3092489,COc1ccc(-c2nc(Nc3ccccc3O)c3ccccc3n2)cc1OC,260.0,intermediate
CHEMBL488910,COc1ccc2c3c([nH]c2c1)[C@H](CC(C)C)N1C(=O)[C@H](CCC(=O)OC(C)(C)C)NC(=O)[C@@H]1C3,250.0,intermediate
CHEMBL3092487,COc1ccc(-c2nc(Nc3cccc(C(F)(F)F)c3)c3ccccc3n2)cc1OC,240.0,inactive
CHEMBL3092488,COc1ccc(-c2nc(Nc3cccc(C#N)c3)c3ccccc3n2)cc1OC,190.0,active
CHEMBL1360562,Oc1cccc(Nc2nc(-c3ccccc3)nc3ccccc23)c1,150.0,active
CHEMBL3092490,COc1ccc(-c2nc(Nc3cccc(O)c3)c3ccccc3n2)cc1OC,140.0,active
CHEMBL3092490,COc1ccc(-c2nc(Nc3cccc(O)c3)c3ccccc3n2)cc1OC,110.0,intermediate
CHEMBL3092485,COc1ccc(-c2nc(Nc3cccc([N+](=O)[O-])c3)c3ccccc3n2)cc1OC,92.0,inactive
CHEMBL3092485,COc1ccc(-c2nc(Nc3cccc([N+](=O)[O-])c3)c3ccccc3n2)cc1OC,76.0,active
CHEMBL3110301,COc1ccc2[nH]cc(CCN(C)Cc3cc(=O)c4c(OCc5ccc(Br)cc5)cccc4o3)c2c1,820.0,active
CHEMBL3110300,CN(CCc1c[nH]c2ccccc12)Cc1cc(=O)c2c(OCc3ccc(Br)cc3)cccc2o1.Cl,2000.0,active
CHEMBL3110299,O=C(NCc1cn(CCc2c[nH]c3ccccc23)nn1)c1cc(=O)c2c(OCc3ccc(Br)cc3)cccc2o1,250.0,active
CHEMBL3110298,O=C(NCc1cn(Cc2ccc(Br)cc2)nn1)c1cc(=O)c2c(OCc3ccc(Br)cc3)cccc2o1,930.0,active
CHEMBL3110297,O=C(NCc1cn(Cc2ccccc2)nn1)c1cc(=O)c2c(OCc3ccc(Br)cc3)cccc2o1,430.0,active
CHEMBL3110296,COc1ccc2[nH]cc(CCNC(=O)c3cc(=O)c4ccc(OCc5ccc(Br)cc5)cc4o3)c2c1,10.0,active
CHEMBL3110295,CN(CCc1cn(C)c2ccccc12)C(=O)c1cc(=O)c2cc(OCc3ccc(Br)cc3)ccc2o1,2000.0,inactive
CHEMBL3110294,CN(CCc1c[nH]c2ccccc12)C(=O)c1cc(=O)c2cc(OCc3ccc(Br)cc3)ccc2o1,2000.0,active
CHEMBL3110293,COc1ccc2[nH]cc(CCNC(=O)c3cc(=O)c4cc(OCc5ccc(Br)cc5)ccc4o3)c2c1,530.0,active
CHEMBL3110292,COc1ccc2[nH]cc(CCN(C)C(=O)c3cc(=O)c4c(OCc5ccc(Br)cc5)cccc4o3)c2c1,2000.0,active
CHEMBL3108796,CN(CCc1cn(C)c2ccccc12)C(=O)c1cc(=O)c2c(OCc3ccc(Br)cc3)cccc2o1,2000.0,active
CHEMBL3110291,CN(CCc1c[nH]c2ccccc12)C(=O)c1cc(=O)c2c(OCc3ccc(Br)cc3)cccc2o1,2000.0,active
CHEMBL3110290,Cn1cc(CCNC(=O)c2cc(=O)c3c(OCc4ccc(Br)cc4)cccc3o2)c2ccccc21,1100.0,active
CHEMBL3110289,COc1ccc2c(CCNC(=O)c3cc(=O)c4c(OCc5ccc(Br)cc5)cccc4o3)c[nH]c2c1,290.0,active
CHEMBL2011288,COc1ccc2[nH]cc(CCNC(=O)c3cc(=O)c4c(OCc5ccc(Br)cc5)cccc4o3)c2c1,380.0,active
CHEMBL488910,COc1ccc2c3c([nH]c2c1)[C@H](CC(C)C)N1C(=O)[C@H](CCC(=O)OC(C)(C)C)NC(=O)[C@@H]1C3,170.0,active
CHEMBL3238330,COc1cccc(OC)c1/C=C/C(=O)c1ccc(C(=O)/C=C/c2c(OC)cccc2OC)cc1,190.0,active
CHEMBL3238340,COc1cc(OC)cc(C(=O)/C=C/c2ccc(/C=C/C(=O)c3cc(OC)cc(OC)c3)cc2)c1,270.0,inactive
CHEMBL1957190,CC(C)n1c2c(c3c1-c1ccccc1C3=O)C(=O)CCC2,35000.0,inactive
CHEMBL1957191,O=C1CCCc2c1c1c(n2Cc2ccccc2)-c2ccccc2C1=O,30000.0,inactive
CHEMBL1957192,O=C1CCCc2c1c1c(n2CCc2ccccc2)-c2ccccc2C1=O,430.0,inactive
CHEMBL1957193,O=C1CCCc2c1c1c(n2CCCc2ccccc2)-c2ccccc2C1=O,790.0,active
CHEMBL3353413,CC1CC(=O)c2c3c(n(C(C)C)c2C1)-c1ccccc1C3=O,4100.0,active
CHEMBL1957203,CC1CC(=O)c2c3c(n(Cc4ccccc4)c2C1)-c1ccccc1C3=O,15000.0,active
CHEMBL1957202,O=C1CC(c2ccccc2)Cc2c1c1c(n2Cc2ccccc2)-c2ccccc2C1=O,960.0,active
CHEMBL3353414,CC1CC(=O)c2c3c(n(CCc4ccccc4)c2C1)-c1ccccc1C3=O,230.0,active
CHEMBL3353415,O=C1CC(c2ccccc2)Cc2c1c1c(n2CCc2ccccc2)-c2ccccc2C1=O,490.0,active
CHEMBL3353416,COc1ccccc1CCn1c2c(c3c1-c1ccccc1C3=O)C(=O)CCC2,210.0,intermediate
CHEMBL3353417,COc1cccc(CCn2c3c(c4c2-c2ccccc2C4=O)C(=O)CCC3)c1,310.0,inactive
CHEMBL3353418,COc1ccc(CCn2c3c(c4c2-c2ccccc2C4=O)C(=O)CCC3)cc1,700.0,intermediate
CHEMBL3353419,CC(C)=CCOc1cccc2c1C(=O)c1c3c(n(C(C)C)c1-2)CCCC3=O,3000.0,active
CHEMBL3353420,CC(C)=CCOc1cccc2c1-c1c(c3c(n1C(C)C)CCCC3=O)C2=O,1600.0,inactive
CHEMBL3353421,CC1CCc2c(c3c(n2C(C)C)-c2ccccc2C3=O)C1=O,20000.0,inactive
CHEMBL3353422,CC(C)n1c2c(c3c1-c1ccccc1C3=O)C(=O)C(Cc1ccccc1)(Cc1ccccc1)CC2,610.0,inactive
CHEMBL2011288,COc1ccc2[nH]cc(CCNC(=O)c3cc(=O)c4c(OCc5ccc(Br)cc5)cccc4o3)c2c1,130.0,intermediate
CHEMBL488910,COc1ccc2c3c([nH]c2c1)[C@H](CC(C)C)N1C(=O)[C@H](CCC(=O)OC(C)(C)C)NC(=O)[C@@H]1C3,90.0,inactive
CHEMBL1651956,C/C=C/C[C@@H](C)[C@@H](O)[C@H]1C(=O)N[C@@H](CC)C(=O)N(C)[C@H](C)C(=O)N(CC)[C@@H](C(C)C)C(=O)N[C@@H](C(C)C)C(=O)N(C)[C@@H](CC(C)C)C(=O)N[C@@H](C)C(=O)N[C@H](C)C(=O)N(C)[C@@H](CC(C)C)C(=O)N(C)[C@@H](CC(C)C)C(=O)N(C)[C@@H](C(C)C)C(=O)N1C,2500.0,active
CHEMBL3344501,C/C=C/C[C@@H](C)[C@@H](O)[C@H]1C(=O)N[C@@H](CC)C(=O)N(C)[C@H](C)C(=O)N(C)[C@@H]([C@@H](C)CN2CCN(CCOC)CC2)C(=O)N[C@@H](C(C)C)C(=O)N(C)[C@@H](CC(C)C)C(=O)N[C@@H](C)C(=O)N[C@H](C)C(=O)N(C)[C@@H](CC(C)C)C(=O)N(C)[C@@H](CC(C)C)C(=O)N(C)[C@@H](C(C)C)C(=O)N1C,25000.0,active
CHEMBL3426382,CCCc1ccc(-n2nnc(-c3ccccc3NC(=O)c3ccc([N+](=O)[O-])cc3)n2)cc1,184.0,active
CHEMBL3426384,Cc1ccc(-n2nnc(-c3ccccc3NC(=O)c3ccc([N+](=O)[O-])cc3)n2)cc1,100.0,active
CHEMBL3426386,COc1ccccc1-n1nnc(-c2ccccc2NC(=O)c2ccc([N+](=O)[O-])cc2)n1,261.0,active
CHEMBL3426387,COc1cccc(-n2nnc(-c3ccccc3NC(=O)c3ccc([N+](=O)[O-])cc3)n2)c1,78.9,intermediate
CHEMBL3426388,COc1ccc(-n2nnc(-c3ccccc3NC(=O)c3ccc([N+](=O)[O-])cc3)n2)cc1,118.0,intermediate
CHEMBL3426391,Cc1ccc(-n2nnc(-c3ccccc3NC(=O)c3ccc(C(F)(F)F)cc3)n2)cc1,137.0,intermediate
CHEMBL3426393,COc1ccccc1-n1nnc(-c2ccccc2NC(=O)c2ccc(C(F)(F)F)cc2)n1,451.0,intermediate
CHEMBL3426394,COc1cccc(-n2nnc(-c3ccccc3NC(=O)c3ccc(C(F)(F)F)cc3)n2)c1,11200.0,inactive
CHEMBL3426395,COc1ccc(-n2nnc(-c3ccccc3NC(=O)c3ccc(C(F)(F)F)cc3)n2)cc1,106.0,inactive
CHEMBL3426396,COc1ccc(C(=O)Nc2ccccc2-c2nnn(-c3ccc(C(F)(F)F)cc3)n2)cc1OC,269.0,inactive
CHEMBL3426397,CCOc1ccc(-n2nnc(-c3ccccc3NC(=O)c3ccc(OC)c(OC)c3)n2)cc1,201.0,inactive
CHEMBL3426398,COc1ccc(-n2nnc(-c3ccccc3NC(=O)c3ccc(OC)c(OC)c3)n2)cc1,117.0,inactive
CHEMBL3426399,COc1ccc(C(=O)Nc2ccccc2-c2nnn(-c3ccc(C(F)(F)F)cc3)n2)cc1,73.0,inactive
CHEMBL3426400,COc1ccc(C(=O)Nc2ccccc2-c2nnn(-c3ccccc3OC)n2)cc1,180.0,inactive
CHEMBL3426401,CCCc1ccc(-n2nnc(-c3ccccc3NC(=O)c3ccc(OC)cc3)n2)cc1,64.2,inactive
CHEMBL3426402,CCCc1ccc(C(=O)Nc2ccccc2-c2nnn(-c3ccc(OC)cc3)n2)cc1,79.4,inactive
CHEMBL428402,O=C(Nc1ccccc1C(=O)Nc1ccc(CCN2CCc3ccccc3C2)cc1)c1cnc2ccccc2c1,721.0,inactive
CHEMBL488910,COc1ccc2c3c([nH]c2c1)[C@H](CC(C)C)N1C(=O)[C@H](CCC(=O)OC(C)(C)C)NC(=O)[C@@H]1C3,128.0,inactive
CHEMBL487805,O=C(O)[C@H]1O[C@@H](Oc2cc3oc(-c4ccc(O)cc4)cc(=O)c3c(O)c2O)[C@H](O)[C@@H](O)[C@@H]1O,10000.0,inactive
CHEMBL3542370,O=C(O)[C@H]1O[C@@H](Oc2c(O)cc3oc(-c4ccc(O)cc4)cc(=O)c3c2O)[C@H](O)[C@@H](O)[C@@H]1O,20000.0,inactive
CHEMBL1229211,C[C@@H]1CCO[C@H]2Cn3cc(C(=O)NCc4ccc(F)cc4F)c(=O)c(O)c3C(=O)N21,67000.0,inactive
CHEMBL1229211,C[C@@H]1CCO[C@H]2Cn3cc(C(=O)NCc4ccc(F)cc4F)c(=O)c(O)c3C(=O)N21,30000.0,active
CHEMBL3582149,COc1cc(OC)c2c(c1)O[C@H](c1cc(OC)c(OC)c(OC)c1)[C@H](OC(=O)/C=C/c1cc(OC)c(OC)c(OC)c1)C2,357.0,active
CHEMBL3582155,COc1cc(OC)c2c(c1)O[C@H](c1cc(OC)c(OC)c(OC)c1)[C@H](OC(=O)c1ccc(F)c(NC(=O)c3ccc(OC)c(OC)c3)c1)C2,176.0,inactive
CHEMBL3582156,COc1cc(OC)c2c(c1)O[C@H](c1cc(OC)c(OC)c(OC)c1)[C@H](OC(=O)c1ccc(F)c(NC(=O)c3cc(OC)c(OC)c(OC)c3)c1)C2,207.0,inactive
CHEMBL3582167,COc1cc(OC)c2c(c1)O[C@H](c1cc(OC)c(OC)c(OC)c1)[C@@H](OC(=O)c1ccc(F)c(NC(=O)c3ccc(OC)c(OC)c3)c1)C2,45.0,inactive
CHEMBL3582168,COc1cc(OC)c2c(c1)O[C@H](c1cc(OC)c(OC)c(OC)c1)[C@@H](OC(=O)c1ccc(F)c(NC(=O)c3cc(OC)c(OC)c(OC)c3)c1)C2,38.0,inactive
CHEMBL488910,COc1ccc2c3c([nH]c2c1)[C@H](CC(C)C)N1C(=O)[C@H](CCC(=O)OC(C)(C)C)NC(=O)[C@@H]1C3,24.0,inactive
CHEMBL3746458,CC(C)C[C@H]1c2[nH]c3ccccc3c2C[C@H]2C(=O)N[C@@H](CCC(=O)OC(C)(C)C)C(=O)N21,3250.0,intermediate
CHEMBL3747767,CC(C)C[C@H]1c2[nH]c3ccccc3c2C[C@H]2C(=O)N[C@@H](CCC(=O)O)C(=O)N21,10000.0,inactive
CHEMBL3747380,CC(C)C[C@H]1c2[nH]c3ccccc3c2C[C@H]2C(=O)N[C@@H](CCC(=O)NC(C)(C)C)C(=O)N21,3870.0,active
CHEMBL3746621,COc1ccc2c3c([nH]c2c1)[C@H](CC(C)C)N1C(=O)[C@H](C)NC(=O)[C@@H]1C3,600.0,inactive
CHEMBL3746992,COc1ccc2c3c([nH]c2c1)[C@H](CC(C)C)N1C(=O)[C@H](C)NC(=O)[C@H]1C3,10000.0,inactive
CHEMBL3746761,COc1cc2[nH]c3c(c2cc1OC)C[C@H]1C(=O)N[C@@H](C)C(=O)N1[C@H]3CC(C)C,10000.0,inactive
CHEMBL3746825,COc1cc2[nH]c3c(c2cc1OC)C[C@@H]1C(=O)N[C@@H](C)C(=O)N1[C@H]3CC(C)C,10000.0,inactive
CHEMBL3746770,COc1cc2[nH]c3c(c2cc1C)C[C@H]1C(=O)N[C@@H](C)C(=O)N1[C@H]3CC(C)C,1980.0,intermediate
CHEMBL3745801,COc1cc2[nH]c3c(c2cc1C)C[C@@H]1C(=O)N[C@@H](C)C(=O)N1[C@H]3CC(C)C,10000.0,inactive
CHEMBL3746458,CC(C)C[C@H]1c2[nH]c3ccccc3c2C[C@H]2C(=O)N[C@@H](CCC(=O)OC(C)(C)C)C(=O)N21,230.0,inactive
CHEMBL3747767,CC(C)C[C@H]1c2[nH]c3ccccc3c2C[C@H]2C(=O)N[C@@H](CCC(=O)O)C(=O)N21,230.0,inactive
CHEMBL3747380,CC(C)C[C@H]1c2[nH]c3ccccc3c2C[C@H]2C(=O)N[C@@H](CCC(=O)NC(C)(C)C)C(=O)N21,230.0,inactive
CHEMBL3746621,COc1ccc2c3c([nH]c2c1)[C@H](CC(C)C)N1C(=O)[C@H](C)NC(=O)[C@@H]1C3,610.0,intermediate
CHEMBL3746992,COc1ccc2c3c([nH]c2c1)[C@H](CC(C)C)N1C(=O)[C@H](C)NC(=O)[C@H]1C3,610.0,inactive
CHEMBL3746761,COc1cc2[nH]c3c(c2cc1OC)C[C@H]1C(=O)N[C@@H](C)C(=O)N1[C@H]3CC(C)C,1700.0,active
CHEMBL3746825,COc1cc2[nH]c3c(c2cc1OC)C[C@@H]1C(=O)N[C@@H](C)C(=O)N1[C@H]3CC(C)C,1700.0,intermediate
CHEMBL3746770,COc1cc2[nH]c3c(c2cc1C)C[C@H]1C(=O)N[C@@H](C)C(=O)N1[C@H]3CC(C)C,1810.0,intermediate
CHEMBL3745801,COc1cc2[nH]c3c(c2cc1C)C[C@@H]1C(=O)N[C@@H](C)C(=O)N1[C@H]3CC(C)C,1810.0,active
CHEMBL3764296,COc1cc(OC)c2c(=O)cc(N3CCN(Cc4ccc([N+](=O)[O-])cc4)CC3)oc2c1,87800.0,active
CHEMBL3765024,COc1cc(OC)c2c(=O)cc(N3CCN(CCc4ccc([N+](=O)[O-])cc4)CC3)oc2c1,36900.0,intermediate
CHEMBL3764781,COc1cc(OC)c2c(=O)cc(N3CCN(Cc4ccc(F)c(F)c4)CC3)oc2c1,66600.0,active
CHEMBL3763583,COc1cc(OC)c2c(=O)cc(N3CCN(CCc4ccccc4)CC3)oc2c1,100000.0,active
CHEMBL3765802,COc1ccc(CN2CCN(c3cc(=O)c4c(OC)cc(OC)cc4o3)CC2)cc1,100000.0,intermediate
CHEMBL3763441,COc1cc(OC)c2c(=O)cc(N3CCN(c4ccc([N+](=O)[O-])cc4)CC3)oc2c1,12200.0,active
CHEMBL3764197,COc1cc(OC)c2c(=O)cc(N3CCN(Cc4cccc([N+](=O)[O-])c4)CC3)oc2c1,38200.0,active
CHEMBL3764960,COC(=O)c1ccc(CN2CCN(c3cc(=O)c4c(OC)cc(OC)cc4o3)CC2)cc1,100000.0,active
CHEMBL3763752,COc1cc(OC)c2c(=O)cc(N3CCN(Cc4ccc(C#N)cc4)CC3)oc2c1,99700.0,active
CHEMBL3765551,COc1cc(OC)c2c(=O)cc(N3CCN(Cc4ccccc4[N+](=O)[O-])CC3)oc2c1,37600.0,active
CHEMBL3763817,COc1cc(OC)c2c(=O)cc(N3CCN(Cc4ccc(C(F)(F)F)cc4)CC3)oc2c1,100000.0,active
CHEMBL3765052,COc1cc(OC)c2c(=O)cc(N3CCN(Cc4ccc(SC(F)(F)F)cc4)CC3)oc2c1,100000.0,active
CHEMBL3763805,COc1cc(OC)c2c(=O)cc(N3CCN(Cc4ccc(S(=O)(=O)C(F)(F)F)cc4)CC3)oc2c1,100000.0,active
CHEMBL3765286,COc1cc(OC)c2c(=O)cc(NCCc3ccc(OC)c(OC)c3)oc2c1,100000.0,inactive
CHEMBL410316,COc1ccc2c3c([nH]c2c1)[C@H](C=C(C)C)N1C(=O)[C@@H]2CCCN2C(=O)[C@@H]1C3,730.0,intermediate
CHEMBL348475,COc1cc2c(cc1OC)CN(CCc1ccc(NC(=O)c3cc(OC)c(OC)cc3NC(=O)c3cnc4ccccc4c3)cc1)CC2,520.0,inactive
CHEMBL3763433,COc1cc(OC)c2c(=O)cc(C(=O)N3CCN(CCc4ccc([N+](=O)[O-])cc4)CC3)oc2c1,100000.0,active
CHEMBL3763302,COc1cc(OC)c2c(=O)cc(C(=O)N3CCN(Cc4ccc([N+](=O)[O-])cc4)CC3)oc2c1,100000.0,inactive
CHEMBL3763734,COc1cc(O)c2c(=O)cc(C(=O)N3CCN(Cc4ccccc4[N+](=O)[O-])CC3)oc2c1,34900.0,active
CHEMBL3763735,COc1cc(O)c2c(=O)cc(C(=O)N3CCN(Cc4ccc([N+](=O)[O-])cc4)CC3)oc2c1,12000.0,inactive
CHEMBL2011285,O=C(c1cc(=O)c2c(OCc3ccccc3)cccc2o1)N1CCN(Cc2ccccc2)CC1,16300.0,active
CHEMBL2011282,COc1ccc(CCNC(=O)c2cc(=O)c3c(OCc4ccccc4)cccc3o2)cc1OC,1800.0,active
CHEMBL2011285,O=C(c1cc(=O)c2c(OCc3ccccc3)cccc2o1)N1CCN(Cc2ccccc2)CC1,9800.0,active
CHEMBL2011282,COc1ccc(CCNC(=O)c2cc(=O)c3c(OCc4ccccc4)cccc3o2)cc1OC,170.0,active
CHEMBL28098,N#Cc1c2n(c3c(N4CCN(CCc5ccccc5)CC4)ncnc13)CCCC2,8190.0,active
CHEMBL3805746,N#Cc1c2n(c3c(N4CCN(Cc5ccccc5)CC4)ncnc13)CCCC2,8240.0,active
CHEMBL3805257,N#Cc1c2n(c3c(N4CCN(C(c5ccccc5)c5ccccc5)CC4)ncnc13)CCCC2,14300.0,active
CHEMBL3806039,N#Cc1c2n(c3c(N4CCN(c5ccccc5)CC4)ncnc13)CCCC2,5910.0,inactive
CHEMBL3806168,CN1CCN(c2ncnc3c(C#N)c4n(c23)CCCC4)CC1,4250.0,inactive
CHEMBL3805730,N#Cc1c2n(c3c(NCCCc4ccccc4)ncnc13)CCCC2,6070.0,active
CHEMBL3805611,N#Cc1c2n(c3c(NCc4ccccc4)ncnc13)CCCC2,15800.0,active
CHEMBL3805095,N#Cc1c2n(c3c(Nc4ccccc4)ncnc13)CCCC2,7680.0,active
CHEMBL3805731,N#Cc1c(C2CCCCCC2)n(C2CCCCCC2)c2c(N3CCN(CCc4ccccc4)CC3)ncnc12,9940.0,inactive
CHEMBL3805970,N#Cc1c(C2CCCCCC2)n(C2CCCCCC2)c2c(N3CCN(Cc4ccccc4)CC3)ncnc12,4680.0,inactive
CHEMBL3805701,N#Cc1c(C2CCCCCC2)n(C2CCCCCC2)c2c(N3CCN(C(c4ccccc4)c4ccccc4)CC3)ncnc12,8710.0,active
CHEMBL488910,COc1ccc2c3c([nH]c2c1)[C@H](CC(C)C)N1C(=O)[C@H](CCC(=O)OC(C)(C)C)NC(=O)[C@@H]1C3,240.0,active
CHEMBL3810089,COc1ccc(-c2nc(Nc3ccc(C(=O)/C=C/c4ccccc4)cc3)c3ccccc3n2)cc1OC,1090.0,active
CHEMBL3808585,COc1ccc(/C=C/C(=O)c2ccc(Nc3nc(-c4ccc(OC)c(OC)c4)nc4ccccc34)cc2)cc1,3130.0,active
CHEMBL3809957,COc1cccc(/C=C/C(=O)c2ccc(Nc3nc(-c4ccc(OC)c(OC)c4)nc4ccccc34)cc2)c1,360.0,active
CHEMBL3809529,COc1ccc(/C=C/C(=O)c2ccc(Nc3nc(-c4ccc(OC)c(OC)c4)nc4ccccc34)cc2)cc1OC,190.0,active
CHEMBL3808799,O=C(/C=C/c1ccccc1)c1ccc(Nc2nc(-c3ccccc3)nc3ccccc23)cc1,920.0,active
CHEMBL3810160,COc1ccc(/C=C/C(=O)c2ccc(Nc3nc(-c4ccccc4)nc4ccccc34)cc2)cc1,3550.0,active
CHEMBL3809206,COc1cccc(/C=C/C(=O)c2ccc(Nc3nc(-c4ccccc4)nc4ccccc34)cc2)c1,880.0,intermediate
CHEMBL3808612,COc1ccc(/C=C/C(=O)c2ccc(Nc3nc(-c4ccccc4)nc4ccccc34)cc2)cc1OC,290.0,active
CHEMBL3809541,COc1cccc(/C=C/C(=O)c2ccc(Nc3ncnc4cc(OC)c(OC)cc34)cc2)c1,390.0,active
CHEMBL3809015,COc1ccc(/C=C/C(=O)c2ccc(Nc3ncnc4cc(OC)c(OC)cc34)cc2)cc1OC,1230.0,active
CHEMBL3809533,COc1cccc(/C=C/C(=O)c2ccc(Nc3ncnc4ccccc34)cc2)c1,680.0,active
CHEMBL3809167,COc1ccc(/C=C/C(=O)c2ccc(Nc3ncnc4ccccc34)cc2)cc1OC,840.0,active
CHEMBL3810065,COc1cccc(/C=C/C(=O)c2cccc(Nc3nc(-c4ccc(OC)c(OC)c4)nc4ccccc34)c2)c1,310.0,active
CHEMBL3809810,COc1ccc(/C=C/C(=O)c2cccc(Nc3nc(-c4ccc(OC)c(OC)c4)nc4ccccc34)c2)cc1,210.0,active
CHEMBL3809802,COc1ccc(/C=C/C(=O)c2cccc(Nc3nc(-c4ccc(OC)c(OC)c4)nc4ccccc34)c2)cc1OC,600.0,active
CHEMBL3808602,COc1cccc(/C=C/C(=O)c2cccc(Nc3nc(-c4ccccc4)nc4ccccc34)c2)c1,680.0,inactive
CHEMBL3808429,COc1ccc(/C=C/C(=O)c2cccc(Nc3nc(-c4ccccc4)nc4ccccc34)c2)cc1,970.0,inactive
CHEMBL3810368,COc1ccc(/C=C/C(=O)c2cccc(Nc3nc(-c4ccccc4)nc4ccccc34)c2)cc1OC,460.0,inactive
CHEMBL3810327,COc1ccc(/C=C/C(=O)c2cccc(Nc3ncnc4cc(OC)c(OC)cc34)c2)cc1,320.0,inactive
CHEMBL3809832,COc1ccc(/C=C/C(=O)c2cccc(Nc3ncnc4cc(OC)c(OC)cc34)c2)cc1OC,1710.0,inactive
CHEMBL3810064,COc1ccc(/C=C/C(=O)c2cccc(Nc3ncnc4ccccc34)c2)cc1,890.0,inactive
CHEMBL3809417,COc1ccc(/C=C/C(=O)c2cccc(Nc3ncnc4ccccc34)c2)cc1OC,1300.0,inactive
CHEMBL595816,COc1ccc(/C=C/C(=O)c2ccc(OC)c(OC)c2)cc1OC,5120.0,inactive
CHEMBL3895919,COc1cc(C2CC(c3ccc4ccccc4c3)=NN2C(C)=O)cc(I)c1OC,7100.0,active
CHEMBL3923932,COc1cc(C2CC(c3ccc4ccccc4c3)=NN2C(C)=O)cc(Br)c1OC,8900.0,active
CHEMBL3984719,COc1cc(C2CC(c3ccc4ccccc4c3)=NN2C(C)=O)cc(Cl)c1OC,7400.0,active
CHEMBL2236206,COc1cc(/C=C/C(=O)c2ccc3ccccc3c2)cc(OC)c1OC,2400.0,active
CHEMBL3926291,COc1cc(/C=C/C(=O)c2ccc3ccccc3c2)cc(I)c1OC,7800.0,active
CHEMBL3898212,COc1cc(/C=C/C(=O)c2ccc3ccccc3c2)cc(Br)c1OC,4900.0,active
CHEMBL3891465,COc1cc(/C=C/C(=O)c2ccc3ccccc3c2)cc(Cl)c1OC,8700.0,active
CHEMBL410316,COc1ccc2c3c([nH]c2c1)[C@H](C=C(C)C)N1C(=O)[C@@H]2CCCN2C(=O)[C@@H]1C3,960.0,active
CHEMBL3885414,O=C(Nc1ccccc1-c1nnn(-c2ccc(Cl)cc2)n1)c1ccc([N+](=O)[O-])cc1,10000.0,intermediate
CHEMBL3885165,COc1ccc(C(=O)Nc2ccccc2-c2nnn(-c3ccc(Cl)cc3)n2)cc1,223.0,intermediate
CHEMBL3885198,CC(C)c1ccc(-n2nnc(-c3ccccc3NC(=O)c3ccc(C(F)(F)F)cc3)n2)cc1,10000.0,active
CHEMBL3885031,COc1ccc(C(=O)Nc2ccccc2-c2nnn(-c3ccc(C(C)C)cc3)n2)cc1,136.0,active
CHEMBL3884824,COc1ccc(-n2nnc(-c3ccccc3NC(=O)c3cccc([N+](=O)[O-])c3)n2)cc1,168.0,intermediate
CHEMBL3883387,COc1ccc(-n2nnc(-c3ccccc3NC(=O)c3ccccc3[N+](=O)[O-])n2)cc1,266.0,active
CHEMBL3885456,COc1ccc(C(=O)Nc2ccccc2-c2nnn(-c3ccc(OC)cc3)n2)cc1,199.0,active
CHEMBL3884587,COc1ccc(-n2nnc(-c3ccccc3NC(=O)c3ccc(C(F)(F)F)cc3)n2)cc1OC,330.0,active
CHEMBL3883362,COc1ccc(C(=O)Nc2ccccc2-c2nnn(-c3ccc(OC)c(OC)c3)n2)cc1,319.0,active
CHEMBL3885018,COc1ccc(-n2nnc(-c3ccccc3NC(=O)c3ccccc3)n2)cc1OC,230.0,active
CHEMBL3884827,CSc1ccc(-n2nnc(-c3ccccc3NC(=O)c3ccc(C(F)(F)F)cc3)n2)cc1,10000.0,active
CHEMBL3885158,CSc1ccc(-n2nnc(-c3ccccc3NC(=O)c3ccc([N+](=O)[O-])cc3)n2)cc1,10000.0,intermediate
CHEMBL3885113,CSc1ccc(-n2nnc(-c3ccccc3NC(=O)c3ccccc3[N+](=O)[O-])n2)cc1,221.0,intermediate
CHEMBL3885364,COc1ccc(C(=O)Nc2ccccc2-c2nnn(-c3ccc(SC)cc3)n2)cc1,132.0,intermediate
CHEMBL3883929,CCCc1ccc(C(=O)Nc2ccccc2-c2nnn(-c3ccc(SC)cc3)n2)cc1,783.0,intermediate
CHEMBL3883221,CCOc1ccc(-n2nnc(-c3ccccc3NC(=O)c3ccccc3[N+](=O)[O-])n2)cc1,308.0,active
CHEMBL3884305,CCOc1ccc(-n2nnc(-c3ccccc3NC(=O)c3ccc(OC)cc3)n2)cc1,793.0,active
CHEMBL3883933,COc1ccc(C(=O)Nc2ccccc2-c2nnn(-c3ccc(Oc4ccccc4)cc3)n2)cc1,10000.0,active
CHEMBL3884164,CCCc1ccc(C(=O)Nc2ccccc2-c2nnn(-c3ccc(Oc4ccccc4)cc3)n2)cc1,10000.0,active
CHEMBL3883590,CCCc1ccc(C(=O)Nc2ccccc2-c2nnn(-c3ccc(O)cc3)n2)cc1,204.0,active
CHEMBL3885424,CCCc1ccc(C(=O)Nc2ccccc2-c2nnn(-c3ccc(OC(=O)c4ccc(CCC)cc4)cc3)n2)cc1,10000.0,active
CHEMBL3885212,COc1ccc(C(=O)Nc2ccccc2-c2nnn(-c3ccccc3)n2)cc1OC,832.0,inactive
CHEMBL3884050,O=C(Nc1ccccc1-c1nnn(-c2ccccc2)n1)c1ccc(C(F)(F)F)cc1,4390.0,active
CHEMBL3885022,O=C(Nc1ccccc1-c1nnn(-c2ccccc2)n1)c1ccc([N+](=O)[O-])cc1,150.0,active
CHEMBL3884853,O=C(Nc1ccccc1-c1nnn(-c2ccccc2)n1)c1cccc([N+](=O)[O-])c1,127.0,active
CHEMBL3883389,O=C(Nc1ccccc1-c1nnn(-c2ccccc2)n1)c1ccccc1[N+](=O)[O-],280.0,active
CHEMBL3883987,COc1ccc(C(=O)Nc2ccccc2-c2nnn(-c3ccccc3)n2)cc1,200.0,active
CHEMBL3883513,CCCc1ccc(C(=O)Nc2ccccc2-c2nnn(-c3ccccc3)n2)cc1,212.0,active
CHEMBL3884089,O=C(Nc1ccccc1-c1nnn(-c2ccccc2)n1)c1ccccc1,66.9,active
CHEMBL428402,O=C(Nc1ccccc1C(=O)Nc1ccc(CCN2CCc3ccccc3C2)cc1)c1cnc2ccccc2c1,704.0,active
CHEMBL488910,COc1ccc2c3c([nH]c2c1)[C@H](CC(C)C)N1C(=O)[C@H](CCC(=O)OC(C)(C)C)NC(=O)[C@@H]1C3,221.0,active
CHEMBL3885031,COc1ccc(C(=O)Nc2ccccc2-c2nnn(-c3ccc(C(C)C)cc3)n2)cc1,131.0,active
CHEMBL3884824,COc1ccc(-n2nnc(-c3ccccc3NC(=O)c3cccc([N+](=O)[O-])c3)n2)cc1,247.0,inactive
CHEMBL3883387,COc1ccc(-n2nnc(-c3ccccc3NC(=O)c3ccccc3[N+](=O)[O-])n2)cc1,311.0,inactive
CHEMBL3885456,COc1ccc(C(=O)Nc2ccccc2-c2nnn(-c3ccc(OC)cc3)n2)cc1,300.0,inactive
CHEMBL3885018,COc1ccc(-n2nnc(-c3ccccc3NC(=O)c3ccccc3)n2)cc1OC,212.0,active
CHEMBL3885113,CSc1ccc(-n2nnc(-c3ccccc3NC(=O)c3ccccc3[N+](=O)[O-])n2)cc1,117.0,active
CHEMBL3885364,COc1ccc(C(=O)Nc2ccccc2-c2nnn(-c3ccc(SC)cc3)n2)cc1,251.0,active
CHEMBL3883929,CCCc1ccc(C(=O)Nc2ccccc2-c2nnn(-c3ccc(SC)cc3)n2)cc1,679.0,active
CHEMBL3883590,CCCc1ccc(C(=O)Nc2ccccc2-c2nnn(-c3ccc(O)cc3)n2)cc1,129.0,active
CHEMBL3885212,COc1ccc(C(=O)Nc2ccccc2-c2nnn(-c3ccccc3)n2)cc1OC,511.0,active
CHEMBL3884050,O=C(Nc1ccccc1-c1nnn(-c2ccccc2)n1)c1ccc(C(F)(F)F)cc1,3630.0,intermediate
CHEMBL3885022,O=C(Nc1ccccc1-c1nnn(-c2ccccc2)n1)c1ccc([N+](=O)[O-])cc1,321.0,active
CHEMBL3884853,O=C(Nc1ccccc1-c1nnn(-c2ccccc2)n1)c1cccc([N+](=O)[O-])c1,123.0,active
CHEMBL3883389,O=C(Nc1ccccc1-c1nnn(-c2ccccc2)n1)c1ccccc1[N+](=O)[O-],458.0,intermediate
CHEMBL3883987,COc1ccc(C(=O)Nc2ccccc2-c2nnn(-c3ccccc3)n2)cc1,208.0,active
CHEMBL3883513,CCCc1ccc(C(=O)Nc2ccccc2-c2nnn(-c3ccccc3)n2)cc1,96.6,active
CHEMBL3884089,O=C(Nc1ccccc1-c1nnn(-c2ccccc2)n1)c1ccccc1,64.0,active
CHEMBL428402,O=C(Nc1ccccc1C(=O)Nc1ccc(CCN2CCc3ccccc3C2)cc1)c1cnc2ccccc2c1,741.0,active
CHEMBL488910,COc1ccc2c3c([nH]c2c1)[C@H](CC(C)C)N1C(=O)[C@H](CCC(=O)OC(C)(C)C)NC(=O)[C@@H]1C3,276.0,intermediate
CHEMBL511679,CO/C(=C\c1ccc(O)cc1)C(=O)N/C=C/c1cc(Br)c(OC)c(Br)c1,33000.0,intermediate
CHEMBL511679,CO/C(=C\c1ccc(O)cc1)C(=O)N/C=C/c1cc(Br)c(OC)c(Br)c1,11200.0,active
CHEMBL458921,CO/C(=C\c1ccc(O)cc1)C(=O)N/C=C/c1ccc(OC)c(Br)c1,16400.0,active
CHEMBL457379,CO/C(=C\c1ccc(O)cc1)C(=O)N/C=C/c1ccc(OC)cc1,23300.0,active
CHEMBL457598,CO/C(=C\c1ccc(O)cc1)C(=O)N/C=C/c1ccc(O)cc1,16700.0,active
CHEMBL456959,CO/C(=C\c1ccc(O)cc1)C(=O)N/C=C/c1cc(Br)c(O)c(Br)c1,6900.0,active
CHEMBL457379,CO/C(=C\c1ccc(O)cc1)C(=O)N/C=C/c1ccc(OC)cc1,41400.0,intermediate
CHEMBL3644874,CO/C(=C\c1cccc(O)c1C#N)C(=O)N/C=C/c1ccccc1,26900.0,active
CHEMBL4071711,O=[N+]([O-])c1cccc(Nc2nc(-c3ccccn3)nc3ccccc23)c1,376.0,active
CHEMBL4098723,O=[N+]([O-])c1cccc(Nc2nc(-c3cccnc3)nc3ccccc23)c1,105.0,active
CHEMBL4082228,O=[N+]([O-])c1cccc(Nc2nc(-c3ccncc3)nc3ccccc23)c1,117.0,active
CHEMBL4075328,O=[N+]([O-])c1ccc(Nc2nc(-c3cccnc3)nc3ccccc23)cc1,64.1,active
CHEMBL4068441,N#Cc1cccc(Nc2nc(-c3ccccn3)nc3ccccc23)c1,507.0,active
CHEMBL4089579,N#Cc1cccc(Nc2nc(-c3cccnc3)nc3ccccc23)c1,108.0,intermediate
CHEMBL4059784,N#Cc1cccc(Nc2nc(-c3ccncc3)nc3ccccc23)c1,134.0,intermediate
CHEMBL4081708,N#Cc1ccc(Nc2nc(-c3cccnc3)nc3ccccc23)cc1,166.0,intermediate
CHEMBL4098216,COc1cccc(Nc2nc(-c3ccccn3)nc3ccccc23)c1,1630.0,intermediate
CHEMBL4071162,COc1cccc(Nc2nc(-c3cccnc3)nc3ccccc23)c1,1020.0,intermediate
CHEMBL4090505,COc1cccc(Nc2nc(-c3ccncc3)nc3ccccc23)c1,558.0,intermediate
CHEMBL1499954,COc1ccc(Nc2nc(-c3ccncc3)nc3ccccc23)cc1,742.0,active
CHEMBL4082677,COc1ccc(Nc2nc(-c3ccccn3)nc3ccccc23)cc1OC,1060.0,active
CHEMBL4100665,COc1ccc(Nc2nc(-c3cccnc3)nc3ccccc23)cc1OC,753.0,active
CHEMBL4082355,COc1ccc(Nc2nc(-c3ccncc3)nc3ccccc23)cc1OC,545.0,active
CHEMBL4065492,FC(F)(F)c1cccc(Nc2nc(-c3ccncc3)nc3ccccc23)c1,216.0,active
CHEMBL4071857,FC(F)(F)c1ccc(Nc2nc(-c3ccncc3)nc3ccccc23)cc1,488.0,active
CHEMBL4060577,COc1ccc(Nc2nc(-c3ccncc3)nc3ccccc23)cc1C(F)(F)F,146.0,intermediate
CHEMBL4097911,Fc1cccc(Nc2nc(-c3cccnc3)nc3ccccc23)c1,156.0,intermediate
CHEMBL4075226,O=S(=O)(F)c1cccc(Nc2nc(-c3ccncc3)nc3ccccc23)c1,1380.0,intermediate
CHEMBL4096743,CN(C)c1cccc(Nc2nc(-c3cccnc3)nc3ccccc23)c1,1200.0,intermediate
CHEMBL4071881,Oc1cccc(Nc2nc(-c3ccncc3)nc3ccccc23)c1,1070.0,active
CHEMBL4060787,Oc1ccc(Nc2nc(-c3ccncc3)nc3ccccc23)cc1,4260.0,active
CHEMBL4069067,OCc1cccc(Nc2nc(-c3cccnc3)nc3ccccc23)c1,810.0,active
CHEMBL4084028,OCc1cccc(Nc2nc(-c3ccncc3)nc3ccccc23)c1,921.0,active
CHEMBL4083491,O=[N+]([O-])c1cc(Nc2nc(-c3cccnc3)nc3ccccc23)ccc1O,245.0,active
CHEMBL1507325,COC(=O)c1cccc(Nc2nc(-c3cccnc3)nc3ccccc23)c1,362.0,active
CHEMBL1445052,COC(=O)c1cccc(Nc2nc(-c3ccncc3)nc3ccccc23)c1,405.0,intermediate
CHEMBL4099533,CC(C)(C)OC(=O)c1cccc(Nc2nc(-c3ccncc3)nc3ccccc23)c1,299.0,intermediate
CHEMBL4072629,O=C(O)c1cccc(Nc2nc(-c3ccncc3)nc3ccccc23)c1,60000.0,intermediate
CHEMBL3770841,O=C(O)c1ccc(Nc2nc(-c3ccncc3)nc3ccccc23)cc1,9640.0,intermediate
CHEMBL4083108,Cc1cc(Nc2cccc(C#N)c2)nc(-c2ccncc2)n1,132.0,active
CHEMBL4077632,COc1cccc(Nc2cc(C)nc(-c3ccncc3)n2)c1,271.0,active
CHEMBL4062126,COc1ccc(Nc2cc(C)nc(-c3ccncc3)n2)cc1,874.0,active
CHEMBL4096657,Cc1cc(Nc2cccc(C#N)c2)nc(-c2ccccc2)n1,122.0,active
CHEMBL4069428,Cc1cc(Nc2ccc(C#N)cc2)nc(-c2ccccc2)n1,128.0,intermediate
CHEMBL4088963,Cc1cc(Nc2ccc(O)c([N+](=O)[O-])c2)nc(-c2ccccc2)n1,98.8,intermediate
CHEMBL4060750,Cc1cc(Nc2ccccc2)nc(-c2ccccc2)n1,648.0,intermediate
CHEMBL4088022,N#Cc1ccc(Nc2nc(-c3ccccc3)nc3ccccc23)cc1,71.4,intermediate
CHEMBL4069582,O=[N+]([O-])c1cc(Nc2nc(-c3ccccc3)nc3ccccc23)ccc1O,81.1,intermediate
CHEMBL1410991,Oc1ccc(Nc2nc(-c3ccccc3)nc3ccccc23)cc1,211.0,intermediate
CHEMBL4085567,Fc1cccc(Nc2nc(-c3ccccc3)nc3ccccc23)c1,363.0,active
CHEMBL1194993,c1ccc(Nc2nc(-c3ccccc3)nc3ccccc23)cc1,882.0,active
CHEMBL488910,COc1ccc2c3c([nH]c2c1)[C@H](CC(C)C)N1C(=O)[C@H](CCC(=O)OC(C)(C)C)NC(=O)[C@@H]1C3,227.0,active
CHEMBL2063070,Cc1cn([C@H]2C[C@H](N=[N+]=[N-])[C@@H](COC(=O)CCCCCCCCC(=O)OC[C@H]3O[C@@H](n4cc(C)c(=O)[nH]c4=O)C[C@@H]3N=[N+]=[N-])O2)c(=O)[nH]c1=O,28200.0,active
CHEMBL2063071,Cc1cn([C@H]2C[C@H](N=[N+]=[N-])[C@@H](COC(=O)CCCCCCCCCCC(=O)OC[C@H]3O[C@@H](n4cc(C)c(=O)[nH]c4=O)C[C@@H]3N=[N+]=[N-])O2)c(=O)[nH]c1=O,11500.0,active
CHEMBL2063072,Cc1cn([C@H]2C[C@H](N=[N+]=[N-])[C@@H](COC(=O)CCCCCCCCCCCCC(=O)OC[C@H]3O[C@@H](n4cc(C)c(=O)[nH]c4=O)C[C@@H]3N=[N+]=[N-])O2)c(=O)[nH]c1=O,13300.0,active
CHEMBL2063071,Cc1cn([C@H]2C[C@H](N=[N+]=[N-])[C@@H](COC(=O)CCCCCCCCCCC(=O)OC[C@H]3O[C@@H](n4cc(C)c(=O)[nH]c4=O)C[C@@H]3N=[N+]=[N-])O2)c(=O)[nH]c1=O,4300.0,active
CHEMBL4065537,CCCc1ccc(NC(=O)c2ccccc2NC(=O)c2ccc([N+](=O)[O-])cc2)cc1,940.0,active
CHEMBL410316,COc1ccc2c3c([nH]c2c1)[C@H](C=C(C)C)N1C(=O)[C@@H]2CCCN2C(=O)[C@@H]1C3,321.0,active
CHEMBL4092046,COc1cccc(-n2nnc(-c3ccccc3NC(=O)Nc3ccc(NC(=O)CBr)cc3)n2)c1,472.0,active
CHEMBL4102382,COc1cccc(-n2nnc(-c3ccccc3NC(=O)Nc3ccc(N=[N+]=[N-])cc3)n2)c1,685.0,active
CHEMBL4076726,COc1cccc(-n2nnc(-c3ccccc3NC(=O)Nc3ccc(N=C=S)cc3)n2)c1,550.0,intermediate
CHEMBL4098858,COc1cccc(-n2nnc(-c3ccccc3NC(=O)Nc3ccc(NC(C)=O)cc3)n2)c1,325.0,active
CHEMBL4080817,COc1cccc(-n2nnc(-c3ccccc3NC(=O)Nc3ccc(N)cc3)n2)c1,379.0,active
CHEMBL4072882,COc1cccc(-n2nnc(-c3ccccc3NC(=O)Nc3ccccc3[N+](=O)[O-])n2)c1,882.0,active
CHEMBL4099768,COc1cccc(-n2nnc(-c3ccccc3NC(=O)Nc3cccc([N+](=O)[O-])c3)n2)c1,750.0,active
CHEMBL4083323,COc1cccc(-n2nnc(-c3ccccc3NC(=O)Nc3ccc([N+](=O)[O-])cc3)n2)c1,403.0,active
CHEMBL4061497,COc1ccc(-n2nnc(-c3ccccc3NC(=O)Nc3ccc([N+](=O)[O-])cc3)n2)cc1,331.0,intermediate
CHEMBL4076705,COc1ccc(NC(=O)Nc2ccccc2-c2nnn(-c3ccc(OC)cc3)n2)cc1,355.0,active
CHEMBL4091036,COc1cccc(-n2nnc(-c3ccccc3NC(=O)c3ccc(NC(=O)CBr)cc3)n2)c1,283.0,active
CHEMBL4066351,COc1cccc(-n2nnc(-c3ccccc3NC(=O)c3ccc(N=[N+]=[N-])cc3)n2)c1,1267.0,active
CHEMBL4087699,COc1cccc(-n2nnc(-c3ccccc3NC(=O)c3ccc(N=C=S)cc3)n2)c1,952.0,active
CHEMBL4077603,COc1cccc(-n2nnc(-c3ccccc3NC(=O)c3ccc(NC(C)=O)cc3)n2)c1,1202.0,active
CHEMBL4095392,COc1cccc(-n2nnc(-c3ccccc3NC(=O)c3ccc(N)cc3)n2)c1,299.0,active
CHEMBL4096318,CCCc1ccc(C(=O)Nc2ccccc2-c2nnn(-c3cccc(OC)c3)n2)cc1,131.0,active
CHEMBL4069054,COc1cccc(-n2nnc(-c3ccccc3NC(=O)c3ccccc3[N+](=O)[O-])n2)c1,1100.0,active
CHEMBL4104064,COc1cccc(-n2nnc(-c3ccccc3NC(=O)c3cccc([N+](=O)[O-])c3)n2)c1,866.0,active
CHEMBL3426387,COc1cccc(-n2nnc(-c3ccccc3NC(=O)c3ccc([N+](=O)[O-])cc3)n2)c1,307.0,inactive
CHEMBL3426388,COc1ccc(-n2nnc(-c3ccccc3NC(=O)c3ccc([N+](=O)[O-])cc3)n2)cc1,378.0,active
CHEMBL3885456,COc1ccc(C(=O)Nc2ccccc2-c2nnn(-c3ccc(OC)cc3)n2)cc1,492.0,intermediate
CHEMBL4081645,CCCc1ccc(NC(=O)c2ccccc2NC(=O)c2ccc(OC)cc2)cc1,1656.0,active
CHEMBL4077458,CCCc1cccc(NC(=O)c2ccccc2NC(=O)c2ccccc2[N+](=O)[O-])c1,1713.0,active
CHEMBL4074879,CCCc1ccc(NC(=O)c2ccccc2NC(=O)c2cccc([N+](=O)[O-])c2)cc1,512.0,active
CHEMBL4065537,CCCc1ccc(NC(=O)c2ccccc2NC(=O)c2ccc([N+](=O)[O-])cc2)cc1,594.0,active
CHEMBL4064511,O=C(Nc1ccc([N+](=O)[O-])cc1)Nc1ccccc1C(=O)Nc1ccc(C(F)(F)F)cc1,452.0,intermediate
CHEMBL4092211,CCCc1ccc(NC(=O)c2ccccc2NC(=O)Nc2ccc(OC)cc2)cc1,985.0,intermediate
CHEMBL4102415,CCCc1ccc(NC(=O)c2ccccc2NC(=O)Nc2ccc(Br)cc2)cc1,952.0,inactive
CHEMBL4084461,CCCc1ccc(NC(=O)c2ccccc2NC(=O)Nc2ccccc2[N+](=O)[O-])cc1,1120.0,active
CHEMBL4096070,CCCc1ccc(NC(=O)c2ccccc2NC(=O)Nc2cccc([N+](=O)[O-])c2)cc1,348.0,active
CHEMBL4078022,CCCc1ccc(NC(=O)c2ccccc2NC(=O)Nc2ccc([N+](=O)[O-])cc2)cc1,325.0,active
CHEMBL4078022,CCCc1ccc(NC(=O)c2ccccc2NC(=O)Nc2ccc([N+](=O)[O-])cc2)cc1,482.0,active
CHEMBL4078022,CCCc1ccc(NC(=O)c2ccccc2NC(=O)Nc2ccc([N+](=O)[O-])cc2)cc1,622.0,intermediate
CHEMBL4096070,CCCc1ccc(NC(=O)c2ccccc2NC(=O)Nc2cccc([N+](=O)[O-])c2)cc1,501.0,active
CHEMBL4096070,CCCc1ccc(NC(=O)c2ccccc2NC(=O)Nc2cccc([N+](=O)[O-])c2)cc1,651.0,active
CHEMBL4084461,CCCc1ccc(NC(=O)c2ccccc2NC(=O)Nc2ccccc2[N+](=O)[O-])cc1,2563.0,active
CHEMBL4084461,CCCc1ccc(NC(=O)c2ccccc2NC(=O)Nc2ccccc2[N+](=O)[O-])cc1,3662.0,intermediate
CHEMBL4102415,CCCc1ccc(NC(=O)c2ccccc2NC(=O)Nc2ccc(Br)cc2)cc1,2121.0,active
CHEMBL4102415,CCCc1ccc(NC(=O)c2ccccc2NC(=O)Nc2ccc(Br)cc2)cc1,2655.0,active
CHEMBL4092211,CCCc1ccc(NC(=O)c2ccccc2NC(=O)Nc2ccc(OC)cc2)cc1,2173.0,inactive
CHEMBL4092211,CCCc1ccc(NC(=O)c2ccccc2NC(=O)Nc2ccc(OC)cc2)cc1,3371.0,active
CHEMBL4064511,O=C(Nc1ccc([N+](=O)[O-])cc1)Nc1ccccc1C(=O)Nc1ccc(C(F)(F)F)cc1,605.0,active
CHEMBL4064511,O=C(Nc1ccc([N+](=O)[O-])cc1)Nc1ccccc1C(=O)Nc1ccc(C(F)(F)F)cc1,711.0,active
CHEMBL4065537,CCCc1ccc(NC(=O)c2ccccc2NC(=O)c2ccc([N+](=O)[O-])cc2)cc1,783.0,active
CHEMBL4065537,CCCc1ccc(NC(=O)c2ccccc2NC(=O)c2ccc([N+](=O)[O-])cc2)cc1,833.0,active
CHEMBL4074879,CCCc1ccc(NC(=O)c2ccccc2NC(=O)c2cccc([N+](=O)[O-])c2)cc1,727.0,active
CHEMBL4074879,CCCc1ccc(NC(=O)c2ccccc2NC(=O)c2cccc([N+](=O)[O-])c2)cc1,785.0,intermediate
CHEMBL4077458,CCCc1cccc(NC(=O)c2ccccc2NC(=O)c2ccccc2[N+](=O)[O-])c1,2151.0,intermediate
CHEMBL4077458,CCCc1cccc(NC(=O)c2ccccc2NC(=O)c2ccccc2[N+](=O)[O-])c1,2814.0,inactive
CHEMBL4081645,CCCc1ccc(NC(=O)c2ccccc2NC(=O)c2ccc(OC)cc2)cc1,2012.0,active
CHEMBL4081645,CCCc1ccc(NC(=O)c2ccccc2NC(=O)c2ccc(OC)cc2)cc1,2526.0,active
CHEMBL3885456,COc1ccc(C(=O)Nc2ccccc2-c2nnn(-c3ccc(OC)cc3)n2)cc1,505.0,active
CHEMBL3885456,COc1ccc(C(=O)Nc2ccccc2-c2nnn(-c3ccc(OC)cc3)n2)cc1,746.0,intermediate
CHEMBL3426388,COc1ccc(-n2nnc(-c3ccccc3NC(=O)c3ccc([N+](=O)[O-])cc3)n2)cc1,535.0,active
CHEMBL3426388,COc1ccc(-n2nnc(-c3ccccc3NC(=O)c3ccc([N+](=O)[O-])cc3)n2)cc1,587.0,inactive
CHEMBL3426387,COc1cccc(-n2nnc(-c3ccccc3NC(=O)c3ccc([N+](=O)[O-])cc3)n2)c1,387.0,active
CHEMBL3426387,COc1cccc(-n2nnc(-c3ccccc3NC(=O)c3ccc([N+](=O)[O-])cc3)n2)c1,585.0,intermediate
CHEMBL4104064,COc1cccc(-n2nnc(-c3ccccc3NC(=O)c3cccc([N+](=O)[O-])c3)n2)c1,1390.0,active
CHEMBL4104064,COc1cccc(-n2nnc(-c3ccccc3NC(=O)c3cccc([N+](=O)[O-])c3)n2)c1,1801.0,active
CHEMBL4069054,COc1cccc(-n2nnc(-c3ccccc3NC(=O)c3ccccc3[N+](=O)[O-])n2)c1,1320.0,active
CHEMBL4069054,COc1cccc(-n2nnc(-c3ccccc3NC(=O)c3ccccc3[N+](=O)[O-])n2)c1,1880.0,active
CHEMBL4096318,CCCc1ccc(C(=O)Nc2ccccc2-c2nnn(-c3cccc(OC)c3)n2)cc1,207.0,active
CHEMBL4096318,CCCc1ccc(C(=O)Nc2ccccc2-c2nnn(-c3cccc(OC)c3)n2)cc1,354.0,active
CHEMBL4095392,COc1cccc(-n2nnc(-c3ccccc3NC(=O)c3ccc(N)cc3)n2)c1,491.0,active
CHEMBL4095392,COc1cccc(-n2nnc(-c3ccccc3NC(=O)c3ccc(N)cc3)n2)c1,549.0,active
CHEMBL4077603,COc1cccc(-n2nnc(-c3ccccc3NC(=O)c3ccc(NC(C)=O)cc3)n2)c1,1325.0,active
CHEMBL4077603,COc1cccc(-n2nnc(-c3ccccc3NC(=O)c3ccc(NC(C)=O)cc3)n2)c1,1363.0,active
CHEMBL4087699,COc1cccc(-n2nnc(-c3ccccc3NC(=O)c3ccc(N=C=S)cc3)n2)c1,1050.0,active
CHEMBL4087699,COc1cccc(-n2nnc(-c3ccccc3NC(=O)c3ccc(N=C=S)cc3)n2)c1,1221.0,active
CHEMBL4066351,COc1cccc(-n2nnc(-c3ccccc3NC(=O)c3ccc(N=[N+]=[N-])cc3)n2)c1,1501.0,active
CHEMBL4066351,COc1cccc(-n2nnc(-c3ccccc3NC(=O)c3ccc(N=[N+]=[N-])cc3)n2)c1,1615.0,active
CHEMBL4091036,COc1cccc(-n2nnc(-c3ccccc3NC(=O)c3ccc(NC(=O)CBr)cc3)n2)c1,446.0,inactive
CHEMBL4091036,COc1cccc(-n2nnc(-c3ccccc3NC(=O)c3ccc(NC(=O)CBr)cc3)n2)c1,605.0,inactive
CHEMBL4076705,COc1ccc(NC(=O)Nc2ccccc2-c2nnn(-c3ccc(OC)cc3)n2)cc1,382.0,intermediate
CHEMBL4076705,COc1ccc(NC(=O)Nc2ccccc2-c2nnn(-c3ccc(OC)cc3)n2)cc1,442.0,active
CHEMBL4061497,COc1ccc(-n2nnc(-c3ccccc3NC(=O)Nc3ccc([N+](=O)[O-])cc3)n2)cc1,541.0,active
CHEMBL4061497,COc1ccc(-n2nnc(-c3ccccc3NC(=O)Nc3ccc([N+](=O)[O-])cc3)n2)cc1,718.0,active
CHEMBL4083323,COc1cccc(-n2nnc(-c3ccccc3NC(=O)Nc3ccc([N+](=O)[O-])cc3)n2)c1,544.0,active
CHEMBL4083323,COc1cccc(-n2nnc(-c3ccccc3NC(=O)Nc3ccc([N+](=O)[O-])cc3)n2)c1,832.0,active
CHEMBL4099768,COc1cccc(-n2nnc(-c3ccccc3NC(=O)Nc3cccc([N+](=O)[O-])c3)n2)c1,807.0,active
CHEMBL4099768,COc1cccc(-n2nnc(-c3ccccc3NC(=O)Nc3cccc([N+](=O)[O-])c3)n2)c1,967.0,active
CHEMBL4072882,COc1cccc(-n2nnc(-c3ccccc3NC(=O)Nc3ccccc3[N+](=O)[O-])n2)c1,978.0,active
CHEMBL4072882,COc1cccc(-n2nnc(-c3ccccc3NC(=O)Nc3ccccc3[N+](=O)[O-])n2)c1,1172.0,active
CHEMBL4080817,COc1cccc(-n2nnc(-c3ccccc3NC(=O)Nc3ccc(N)cc3)n2)c1,571.0,active
CHEMBL4080817,COc1cccc(-n2nnc(-c3ccccc3NC(=O)Nc3ccc(N)cc3)n2)c1,838.0,intermediate
CHEMBL4098858,COc1cccc(-n2nnc(-c3ccccc3NC(=O)Nc3ccc(NC(C)=O)cc3)n2)c1,454.0,active
CHEMBL4098858,COc1cccc(-n2nnc(-c3ccccc3NC(=O)Nc3ccc(NC(C)=O)cc3)n2)c1,627.0,intermediate
CHEMBL4076726,COc1cccc(-n2nnc(-c3ccccc3NC(=O)Nc3ccc(N=C=S)cc3)n2)c1,667.0,active
CHEMBL4076726,COc1cccc(-n2nnc(-c3ccccc3NC(=O)Nc3ccc(N=C=S)cc3)n2)c1,1515.0,active
CHEMBL4102382,COc1cccc(-n2nnc(-c3ccccc3NC(=O)Nc3ccc(N=[N+]=[N-])cc3)n2)c1,691.0,active
CHEMBL4102382,COc1cccc(-n2nnc(-c3ccccc3NC(=O)Nc3ccc(N=[N+]=[N-])cc3)n2)c1,913.0,intermediate
CHEMBL4092046,COc1cccc(-n2nnc(-c3ccccc3NC(=O)Nc3ccc(NC(=O)CBr)cc3)n2)c1,583.0,intermediate
CHEMBL4092046,COc1cccc(-n2nnc(-c3ccccc3NC(=O)Nc3ccc(NC(=O)CBr)cc3)n2)c1,798.0,active
CHEMBL410316,COc1ccc2c3c([nH]c2c1)[C@H](C=C(C)C)N1C(=O)[C@@H]2CCCN2C(=O)[C@@H]1C3,451.0,active
CHEMBL410316,COc1ccc2c3c([nH]c2c1)[C@H](C=C(C)C)N1C(=O)[C@@H]2CCCN2C(=O)[C@@H]1C3,612.0,active
CHEMBL4072482,c1ccc(Nc2nc(-c3ccccc3)nc3ncccc23)cc1,149.0,active
CHEMBL4094267,O=[N+]([O-])c1cccc(Nc2nc(-c3ccccc3)nc3ncccc23)c1,519.0,active
CHEMBL4075334,O=[N+]([O-])c1cc(Nc2nc(-c3ccccc3)nc3ncccc23)ccc1O,528.0,active
CHEMBL4074563,O=[N+]([O-])c1ccc(Nc2nc(-c3ccccc3)nc3ncccc23)cc1,19500.0,active
CHEMBL4069654,N#Cc1cccc(Nc2nc(-c3ccccc3)nc3ncccc23)c1,400.0,active
CHEMBL4066611,N#Cc1ccc(Nc2nc(-c3ccccc3)nc3ncccc23)cc1,1210.0,active
CHEMBL4070627,COc1cccc(Nc2nc(-c3ccccc3)nc3ncccc23)c1,150.0,active
CHEMBL4077346,COc1ccc(Nc2nc(-c3ccccc3)nc3ncccc23)cc1,238.0,active
CHEMBL4081623,COc1ccc(Nc2nc(-c3ccccc3)nc3ncccc23)cc1OC,343.0,active
CHEMBL4062196,CSc1cccc(Nc2nc(-c3ccccc3)nc3ncccc23)c1,206.0,active
CHEMBL4104361,Oc1cccc(Nc2nc(-c3ccccc3)nc3ncccc23)c1,1230.0,intermediate
CHEMBL4076800,Oc1ccc(Nc2nc(-c3ccccc3)nc3ncccc23)cc1,2040.0,intermediate
CHEMBL4092472,CC(=O)Nc1cccc(Nc2nc(-c3ccccc3)nc3ncccc23)c1,5270.0,active
CHEMBL547193,FC(F)(F)c1cccc(Nc2nc(-c3ccccc3)nc3ncccc23)c1,177.0,intermediate
CHEMBL4077318,Fc1cccc(Nc2nc(-c3ccccc3)nc3ncccc23)c1,164.0,active
CHEMBL4060543,Clc1cccc(Nc2nc(-c3ccccc3)nc3ncccc23)c1,454.0,active
CHEMBL4075963,COc1cccc(-c2nc(Nc3cccc([N+](=O)[O-])c3)c3cccnc3n2)c1,747.0,active
CHEMBL4064296,COc1cccc(-c2nc(Nc3ccc(O)c([N+](=O)[O-])c3)c3cccnc3n2)c1,1260.0,intermediate
CHEMBL4094899,COc1cccc(-c2nc(Nc3cccc(C#N)c3)c3cccnc3n2)c1,348.0,intermediate
CHEMBL4073213,COc1cccc(-c2nc(Nc3ccc(C#N)cc3)c3cccnc3n2)c1,876.0,intermediate
CHEMBL4083745,COc1cccc(-c2nc(Nc3cccc(O)c3)c3cccnc3n2)c1,963.0,inactive
CHEMBL4101737,COc1cccc(-c2nc(Nc3ccc(O)cc3)c3cccnc3n2)c1,1300.0,inactive
CHEMBL4073354,COc1cccc(-c2nc(Nc3ccc(OC)c(OC)c3)c3cccnc3n2)c1,572.0,intermediate
CHEMBL4094008,COc1cccc(-c2nc(Nc3cccc(SC)c3)c3cccnc3n2)c1,910.0,inactive
CHEMBL4099262,COc1cccc(-c2nc(Nc3cccc(NC(C)=O)c3)c3cccnc3n2)c1,6400.0,intermediate
CHEMBL4072305,COc1cccc(-c2nc(Nc3cccc(F)c3)c3cccnc3n2)c1,264.0,intermediate
CHEMBL4091528,COc1cccc(-c2nc(Nc3ccc(F)cc3)c3cccnc3n2)c1,425.0,intermediate
CHEMBL4063711,COc1cccc(-c2nc(Nc3ccc(F)c(F)c3)c3cccnc3n2)c1,163.0,active
CHEMBL4094904,COc1cccc(-c2nc(Nc3cccc(C(F)(F)F)c3)c3cccnc3n2)c1,539.0,active
CHEMBL4067469,COc1cccc(-c2nc(Nc3ccc(C(F)(F)F)cc3)c3cccnc3n2)c1,621.0,active
CHEMBL4063699,COc1cccc(-c2nc(Nc3cccc(Cl)c3)c3cccnc3n2)c1,628.0,active
CHEMBL4091514,COc1cccc(-c2nc(Nc3cccc(Br)c3)c3cccnc3n2)c1,1530.0,active
CHEMBL4082782,Fc1cccc(Nc2nc(-c3cccnc3)nc3ncccc23)c1,1230.0,active
CHEMBL4060914,Oc1cccc(Nc2nc(-c3cccnc3)nc3ncccc23)c1,16900.0,active
CHEMBL1194993,c1ccc(Nc2nc(-c3ccccc3)nc3ccccc23)cc1,882.0,active
CHEMBL488910,COc1ccc2c3c([nH]c2c1)[C@H](CC(C)C)N1C(=O)[C@H](CCC(=O)OC(C)(C)C)NC(=O)[C@@H]1C3,227.0,active
CHEMBL4072482,c1ccc(Nc2nc(-c3ccccc3)nc3ncccc23)cc1,219.0,active
CHEMBL4066611,N#Cc1ccc(Nc2nc(-c3ccccc3)nc3ncccc23)cc1,1185.0,intermediate
CHEMBL488910,COc1ccc2c3c([nH]c2c1)[C@H](CC(C)C)N1C(=O)[C@H](CCC(=O)OC(C)(C)C)NC(=O)[C@@H]1C3,233.0,intermediate
CHEMBL4086143,O=C1CC(c2c[nH]c3ccc(F)cc23)C(=O)N1,65400.0,intermediate
CHEMBL4176120,O=[N+]([O-])c1cccc(-c2nc(Nc3ccccc3)c3ccccc3n2)c1,108.0,inactive
CHEMBL4164837,O=[N+]([O-])c1cccc(-c2nc(NC3CCCCC3)c3ccccc3n2)c1,2780.0,active
CHEMBL4172744,O=[N+]([O-])c1cccc(Nc2nc(-c3cccc([N+](=O)[O-])c3)nc3ccccc23)c1,236.0,active
CHEMBL4161427,O=[N+]([O-])c1cccc(-c2nc(Nc3ccc(O)c([N+](=O)[O-])c3)c3ccccc3n2)c1,151.0,active
CHEMBL4169350,N#Cc1cccc(Nc2nc(-c3cccc([N+](=O)[O-])c3)nc3ccccc23)c1,120.0,active
CHEMBL4176534,COc1cccc(Nc2nc(-c3cccc([N+](=O)[O-])c3)nc3ccccc23)c1,121.0,active
CHEMBL4165918,COc1ccc(Nc2nc(-c3cccc([N+](=O)[O-])c3)nc3ccccc23)cc1OC,55.6,active
CHEMBL4166534,COc1cc(Nc2nc(-c3cccc([N+](=O)[O-])c3)nc3ccccc23)ccc1Br,801.0,active
CHEMBL4176826,CCOc1ccc(Nc2nc(-c3cccc([N+](=O)[O-])c3)nc3ccccc23)cc1OCC,210.0,active
CHEMBL4170247,O=[N+]([O-])c1cccc(-c2nc(Nc3ccc4c(c3)OCCO4)c3ccccc3n2)c1,263.0,active
CHEMBL4168440,CSc1cccc(Nc2nc(-c3cccc([N+](=O)[O-])c3)nc3ccccc23)c1,94.8,active
CHEMBL4161193,CSc1ccc(Nc2nc(-c3cccc([N+](=O)[O-])c3)nc3ccccc23)cc1,88.6,active
CHEMBL4171799,Nc1cccc(Nc2nc(-c3cccc([N+](=O)[O-])c3)nc3ccccc23)c1,284.0,active
CHEMBL4169523,CN(C)c1cccc(Nc2nc(-c3cccc([N+](=O)[O-])c3)nc3ccccc23)c1,221.0,active
CHEMBL4161606,CCN(CC)c1cccc(Nc2nc(-c3cccc([N+](=O)[O-])c3)nc3ccccc23)c1,230.0,active
CHEMBL4172917,CC(=O)Nc1cccc(Nc2nc(-c3cccc([N+](=O)[O-])c3)nc3ccccc23)c1,127.0,active
CHEMBL4165025,O=[N+]([O-])c1cccc(-c2nc(Nc3cccc(C(F)(F)F)c3)c3ccccc3n2)c1,10700.0,active
CHEMBL4159429,COc1ccc(Nc2nc(-c3cccc([N+](=O)[O-])c3)nc3ccccc23)cc1C(F)(F)F,16200.0,active
CHEMBL4167647,O=[N+]([O-])c1cccc(-c2nc(Nc3ccc(I)cc3)c3ccccc3n2)c1,1770.0,active
CHEMBL4171726,O=[N+]([O-])c1ccc(-c2nc(Nc3cccc([N+](=O)[O-])c3)c3ccccc3n2)cc1,166.0,active
CHEMBL4171705,N#Cc1cccc(Nc2nc(-c3ccc([N+](=O)[O-])cc3)nc3ccccc23)c1,336.0,active
CHEMBL4163316,COc1cccc(Nc2nc(-c3ccc([N+](=O)[O-])cc3)nc3ccccc23)c1,107.0,active
CHEMBL4164537,COc1ccc(Nc2nc(-c3ccc([N+](=O)[O-])cc3)nc3ccccc23)cc1OC,86.7,active
CHEMBL4176113,COc1ccc(Nc2nc(-c3cccc(C#N)c3)nc3ccccc23)cc1O,297.0,active
CHEMBL4172857,CC(=O)Nc1cccc(Nc2nc(-c3cccc(C#N)c3)nc3ccccc23)c1,225.0,active
CHEMBL4159527,COc1ccccc1-c1nc(Nc2cccc([N+](=O)[O-])c2)c2ccccc2n1,642.0,active
CHEMBL4176228,COc1cccc(-c2nc(Nc3cccc([N+](=O)[O-])c3)c3ccccc3n2)c1,139.0,active
CHEMBL4166863,COc1cccc(-c2nc(Nc3ccc([N+](=O)[O-])cc3)c3ccccc3n2)c1,68.0,inactive
CHEMBL4160887,COc1cccc(-c2nc(Nc3cc([N+](=O)[O-])cc([N+](=O)[O-])c3)c3ccccc3n2)c1,291.0,active
CHEMBL4164535,COc1cccc(-c2nc(Nc3ccc(F)c([N+](=O)[O-])c3)c3ccccc3n2)c1,1190.0,active
CHEMBL4175165,COc1cccc(-c2nc(Nc3cccc(C#N)c3)c3ccccc3n2)c1,359.0,active
CHEMBL4161119,COc1cccc(-c2nc(Nc3cccc(F)c3)c3ccccc3n2)c1,1640.0,active
CHEMBL4161421,COc1cccc(Nc2nc(-c3cccc(OC)c3)nc3ccccc23)c1,811.0,intermediate
CHEMBL4171304,COc1cccc(-c2nc(Nc3ccc(OC)c(OC)c3)c3ccccc3n2)c1,480.0,inactive
CHEMBL4163405,COc1ccc(-c2nc(Nc3cccc([N+](=O)[O-])c3)c3ccccc3n2)cc1,183.0,inactive
CHEMBL4167968,COc1ccc(-c2nc(Nc3cccc(C#N)c3)c3ccccc3n2)cc1,2120.0,inactive
CHEMBL4160041,COc1ccc(-c2nc(Nc3cccc(OC)c3)c3ccccc3n2)cc1,2140.0,inactive
CHEMBL4159635,COc1ccc(-c2nc(Nc3ccc(OC)c(OC)c3)c3ccccc3n2)cc1,418.0,inactive
CHEMBL3092485,COc1ccc(-c2nc(Nc3cccc([N+](=O)[O-])c3)c3ccccc3n2)cc1OC,82.5,inactive
CHEMBL3092486,COc1ccc(-c2nc(Nc3ccc([N+](=O)[O-])cc3)c3ccccc3n2)cc1OC,44.2,intermediate
CHEMBL4165009,COc1ccc(-c2nc(Nc3cc([N+](=O)[O-])cc([N+](=O)[O-])c3)c3ccccc3n2)cc1OC,610.0,inactive
CHEMBL4172203,COc1ccc(-c2nc(Nc3ccc(O)c([N+](=O)[O-])c3)c3ccccc3n2)cc1OC,305.0,active
CHEMBL3092488,COc1ccc(-c2nc(Nc3cccc(C#N)c3)c3ccccc3n2)cc1OC,136.0,active
CHEMBL4163917,COc1ccc(-c2nc(Nc3ccc(OC)c(C(F)(F)F)c3)c3ccccc3n2)cc1OC,795.0,intermediate
CHEMBL4171781,COc1cccc(Nc2nc(-c3ccc(OC)c(OC)c3)nc3ccccc23)c1,365.0,active
CHEMBL4160529,COc1cc(Nc2nc(-c3ccc(OC)c(OC)c3)nc3ccccc23)ccc1Br,47.5,active
CHEMBL4168425,COc1ccc(-c2nc(Nc3cccc(F)c3)c3ccccc3n2)cc1OC,462.0,active
CHEMBL4161988,COc1ccc(-c2nc(Nc3cccc(S(=O)(=O)F)c3)c3ccccc3n2)cc1OC,570.0,active
CHEMBL488910,COc1ccc2c3c([nH]c2c1)[C@H](CC(C)C)N1C(=O)[C@H](CCC(=O)OC(C)(C)C)NC(=O)[C@@H]1C3,227.0,active
CHEMBL118812,O=[N+]([O-])c1cccc(Nc2nc(-c3ccccc3)nc3ccccc23)c1,130.0,active
CHEMBL4176534,COc1cccc(Nc2nc(-c3cccc([N+](=O)[O-])c3)nc3ccccc23)c1,1310.0,active
CHEMBL4176826,CCOc1ccc(Nc2nc(-c3cccc([N+](=O)[O-])c3)nc3ccccc23)cc1OCC,3200.0,active
CHEMBL4170247,O=[N+]([O-])c1cccc(-c2nc(Nc3ccc4c(c3)OCCO4)c3ccccc3n2)c1,20.0,active
CHEMBL4168440,CSc1cccc(Nc2nc(-c3cccc([N+](=O)[O-])c3)nc3ccccc23)c1,1470.0,active
CHEMBL4161193,CSc1ccc(Nc2nc(-c3cccc([N+](=O)[O-])c3)nc3ccccc23)cc1,820.0,active
CHEMBL4169523,CN(C)c1cccc(Nc2nc(-c3cccc([N+](=O)[O-])c3)nc3ccccc23)c1,180.0,active
CHEMBL4161606,CCN(CC)c1cccc(Nc2nc(-c3cccc([N+](=O)[O-])c3)nc3ccccc23)c1,84.0,active
CHEMBL4164537,COc1ccc(Nc2nc(-c3ccc([N+](=O)[O-])cc3)nc3ccccc23)cc1OC,3100.0,active
CHEMBL4172857,CC(=O)Nc1cccc(Nc2nc(-c3cccc(C#N)c3)nc3ccccc23)c1,1430.0,active
CHEMBL4159527,COc1ccccc1-c1nc(Nc2cccc([N+](=O)[O-])c2)c2ccccc2n1,1060.0,active
CHEMBL4166863,COc1cccc(-c2nc(Nc3ccc([N+](=O)[O-])cc3)c3ccccc3n2)c1,24000.0,active
CHEMBL4171304,COc1cccc(-c2nc(Nc3ccc(OC)c(OC)c3)c3ccccc3n2)c1,10900.0,active
CHEMBL4159635,COc1ccc(-c2nc(Nc3ccc(OC)c(OC)c3)c3ccccc3n2)cc1,1490.0,active
CHEMBL3092485,COc1ccc(-c2nc(Nc3cccc([N+](=O)[O-])c3)c3ccccc3n2)cc1OC,19400.0,active
CHEMBL3092486,COc1ccc(-c2nc(Nc3ccc([N+](=O)[O-])cc3)c3ccccc3n2)cc1OC,2960.0,active
CHEMBL4171781,COc1cccc(Nc2nc(-c3ccc(OC)c(OC)c3)nc3ccccc23)c1,3820.0,intermediate
CHEMBL4160529,COc1cc(Nc2nc(-c3ccc(OC)c(OC)c3)nc3ccccc23)ccc1Br,2460.0,intermediate
CHEMBL488910,COc1ccc2c3c([nH]c2c1)[C@H](CC(C)C)N1C(=O)[C@H](CCC(=O)OC(C)(C)C)NC(=O)[C@@H]1C3,84.0,intermediate
CHEMBL4159327,O=[N+]([O-])c1ccc2nc(-c3ccccc3)nc(Nc3ccccc3)c2c1,106.0,active
CHEMBL4170623,O=[N+]([O-])c1ccc2nc(-c3ccccc3)nc(Nc3cccc(O)c3)c2c1,65.3,intermediate
CHEMBL4162699,O=[N+]([O-])c1ccc2nc(-c3ccccc3)nc(Nc3ccc(O)c(O)c3)c2c1,119.0,intermediate
CHEMBL4160408,COc1cccc(Nc2nc(-c3ccccc3)nc3ccc([N+](=O)[O-])cc23)c1,33.1,inactive
CHEMBL4171017,COc1ccc(Nc2nc(-c3ccccc3)nc3ccc([N+](=O)[O-])cc23)cc1OC,37.0,inactive
CHEMBL4163784,N#Cc1cccc(Nc2nc(-c3ccccc3)nc3ccc([N+](=O)[O-])cc23)c1,48.2,intermediate
CHEMBL4174458,N#Cc1ccc(Nc2nc(-c3ccccc3)nc3ccc([N+](=O)[O-])cc23)cc1,48.1,inactive
CHEMBL4172063,O=[N+]([O-])c1ccc2nc(-c3ccccc3)nc(Nc3cccc(F)c3)c2c1,51.5,inactive
CHEMBL488910,COc1ccc2c3c([nH]c2c1)[C@H](CC(C)C)N1C(=O)[C@H](CCC(=O)OC(C)(C)C)NC(=O)[C@@H]1C3,227.0,inactive
CHEMBL2158554,COc1ccc(Nc2nc(-c3ccccc3)nc3ccccc23)cc1OC,152.0,intermediate
CHEMBL1194993,c1ccc(Nc2nc(-c3ccccc3)nc3ccccc23)cc1,882.0,active
CHEMBL4171155,COc1cccc(Nc2nc(-c3cccnc3)nc3ccc(NC(=O)c4cccnc4)cc23)c1,1040.0,active
CHEMBL4161772,COc1ccc(Nc2nc(-c3cccnc3)nc3ccc(NC(=O)c4cccc([N+](=O)[O-])c4)cc23)cc1,1620.0,active
CHEMBL4172412,COc1cccc(Nc2nc(-c3cccnc3)nc3ccc(NC(=O)c4cccc([N+](=O)[O-])c4)cc23)c1,1150.0,active
CHEMBL4165209,COc1cccc(Nc2nc(-c3cccnc3)nc3ccc(/N=C(\C)OC(C)=O)cc23)c1,5310.0,active
CHEMBL4167361,COc1cccc(Nc2nc(-c3cccc(C(F)(F)F)c3)nc3ccc(N)cc23)c1,835.0,active
CHEMBL4173540,Nc1ccc2nc(-c3cccc(C(F)(F)F)c3)nc(Nc3cccc(O)c3)c2c1,799.0,active
CHEMBL4165609,Nc1ccc2nc(-c3cccc(C(F)(F)F)c3)nc(Nc3ccccc3)c2c1,726.0,active
CHEMBL4176905,COc1ccc(Nc2nc(-c3cccnc3)nc3ccc(N)cc23)cc1,646.0,active
CHEMBL4169043,COc1cccc(Nc2nc(-c3cccnc3)nc3ccc(N)cc23)c1,369.0,active
CHEMBL4164845,COc1ccc(-c2nc(Nc3cccc(C(F)(F)F)c3)c3cc([N+](=O)[O-])ccc3n2)cc1OC,57.2,active
CHEMBL4172752,COc1cccc(-c2nc(Nc3cccc(F)c3)c3cc([N+](=O)[O-])ccc3n2)c1,23.4,active
CHEMBL4163310,COc1cccc(-c2nc(Nc3ccc(C#N)cc3)c3cc([N+](=O)[O-])ccc3n2)c1,27.8,active
CHEMBL4171213,CC(=O)Nc1cccc(Nc2nc(-c3cccc(C(F)(F)F)c3)nc3ccc([N+](=O)[O-])cc23)c1,44.8,active
CHEMBL4166754,O=[N+]([O-])c1ccc2nc(-c3cccc(C(F)(F)F)c3)nc(Nc3ccc(O)c([N+](=O)[O-])c3)c2c1,33.0,active
CHEMBL4174654,O=[N+]([O-])c1ccc(Nc2nc(-c3cccc(C(F)(F)F)c3)nc3ccc([N+](=O)[O-])cc23)cc1,61.4,intermediate
CHEMBL4175064,O=[N+]([O-])c1cccc(Nc2nc(-c3cccc(C(F)(F)F)c3)nc3ccc([N+](=O)[O-])cc23)c1,66.3,active
CHEMBL4164420,O=[N+]([O-])c1ccc2nc(-c3cccc(C(F)(F)F)c3)nc(Nc3cccc(F)c3)c2c1,44.8,inactive
CHEMBL4159937,CSc1cccc(Nc2nc(-c3cccc(C(F)(F)F)c3)nc3ccc([N+](=O)[O-])cc23)c1,101.0,intermediate
CHEMBL4167856,COc1ccc(Nc2nc(-c3cccc(C(F)(F)F)c3)nc3ccc([N+](=O)[O-])cc23)cc1OC,30.2,intermediate
CHEMBL4168022,O=[N+]([O-])c1ccc2nc(-c3cccc(C(F)(F)F)c3)nc(Nc3cccc(O)c3)c2c1,27.6,inactive
CHEMBL4167604,O=[N+]([O-])c1ccc2nc(-c3cccc(C(F)(F)F)c3)nc(Nc3ccccc3)c2c1,59.6,active
CHEMBL4159686,N#Cc1cccc(Nc2nc(-c3ccncc3)nc3ccc([N+](=O)[O-])cc23)c1,63.8,inactive
CHEMBL4164155,COc1ccc(Nc2nc(-c3ccncc3)nc3ccc([N+](=O)[O-])cc23)cc1,75.5,inactive
CHEMBL4174809,COc1ccc(Nc2nc(-c3cccnc3)nc3ccc([N+](=O)[O-])cc23)cc1,57.7,inactive
CHEMBL4174412,COc1cccc(Nc2nc(-c3cccnc3)nc3ccc([N+](=O)[O-])cc23)c1,47.0,intermediate
CHEMBL4166495,O=C(O)c1cccc(Nc2nc(-c3ccccc3)nc3ccc([N+](=O)[O-])cc23)c1,904.0,intermediate
CHEMBL4170981,CC(=O)Nc1cccc(Nc2nc(-c3ccccc3)nc3ccc([N+](=O)[O-])cc23)c1,78.7,inactive
CHEMBL4163063,O=[N+]([O-])c1ccc2nc(-c3ccccc3)nc(Nc3ccc(O)c([N+](=O)[O-])c3)c2c1,37.4,intermediate
CHEMBL4164189,O=[N+]([O-])c1ccc2nc(-c3ccccc3)nc(Nc3cccc(C(F)(F)F)c3)c2c1,49.1,active
CHEMBL4175885,COc1cccc(Nc2nc(-c3cccc(C(F)(F)F)c3)nc3ccc([N+](=O)[O-])cc23)c1,59.0,active
CHEMBL772,COC(=O)[C@H]1[C@H]2C[C@@H]3c4[nH]c5cc(OC)ccc5c4CCN3C[C@H]2C[C@@H](OC(=O)c2cc(OC)c(OC)c(OC)c2)[C@@H]1OC,12600.0,active
CHEMBL4210872,COc1ccc(-c2nnc(-c3ccccc3NC(=O)c3ccc(C(F)(F)F)cc3)o2)cc1,90.0,active
CHEMBL4215827,COc1ccc(C(=O)Nc2ccccc2-c2nnc(-c3ccc(OC)cc3)o2)cc1,438.0,inactive
CHEMBL2170116,O=C(Nc1ccccc1-c1nnc(-c2ccccc2)o1)c1ccccc1,112.0,intermediate
CHEMBL4211389,COc1ccc(-c2cn(-c3ccccc3NC(=O)c3ccc(C(F)(F)F)cc3)nn2)cc1,766.0,intermediate
CHEMBL4203097,COc1ccc(C(=O)Nc2ccccc2-n2cc(-c3ccc(OC)cc3)nn2)cc1,2360.0,intermediate
CHEMBL4202725,O=C(Nc1ccccc1-n1cc(-c2ccccc2)nn1)c1ccccc1,15300.0,active
CHEMBL4215290,COc1ccc(-n2nnc(-c3cccc(NC(=O)c4ccc(C(F)(F)F)cc4)c3)n2)cc1,18500.0,intermediate
CHEMBL4203623,COc1ccc(-n2nnc(-c3ccc(NC(=O)c4ccc(C(F)(F)F)cc4)cc3)n2)cc1,39800.0,inactive
CHEMBL4218158,COc1ccc(-n2nnc(-c3ccccc3-n3nnc(-c4ccc(C(F)(F)F)cc4)n3)n2)cc1,15800.0,inactive
CHEMBL4213221,COc1ccc(-n2nnc(-c3ccccc3NS(=O)(=O)c3ccc(OC)cc3)n2)cc1,7670.0,active
CHEMBL4205927,c1ccc(-c2ccccc2-c2nnn(-c3ccccc3)n2)cc1,8340.0,active
CHEMBL4217634,COc1ccc(-n2nnc(-c3ccccc3NC(C)=O)n2)cc1,3230.0,active
CHEMBL4210290,CC(=O)Nc1ccccc1-c1nnn(-c2ccccc2)n1,6910.0,active
CHEMBL4205396,COc1ccc(-n2nnc(-c3ccccc3NC(=O)C3CCCCC3)n2)cc1,565.0,active
CHEMBL4214686,O=C(Nc1ccccc1-c1nnn(-c2ccccc2)n1)C1CCCCC1,287.0,active
CHEMBL4209777,O=C(Nc1ccccc1-c1nnn(-c2ccccc2)n1)C12CC3CC(CC(C3)C1)C2,1060.0,active
CHEMBL4202490,COc1ccc(-n2nnc(-c3ccccc3NC(=O)c3cccc4ccccc34)n2)cc1,267.0,active
CHEMBL4214177,O=C(Nc1ccccc1-c1nnn(-c2ccccc2)n1)c1cccc2ccccc12,430.0,active
CHEMBL4203060,COc1ccc(-n2nnc(-c3ccccc3NC(=O)c3cnc4ccccc4c3)n2)cc1,228.0,inactive
CHEMBL4207943,O=C(Nc1ccccc1-c1nnn(-c2ccccc2)n1)c1cnc2ccccc2c1,176.0,inactive
CHEMBL4207415,O=C(Nc1ccccc1-c1nnn(-c2ccccc2)n1)c1ccncc1,287.0,inactive
CHEMBL4212309,O=C(Nc1ccccc1-c1nnn(-c2ccccc2)n1)c1cccnc1,445.0,inactive
CHEMBL4210844,O=C(Nc1ccccc1-c1nnn(-c2ccccc2)n1)c1ccccn1,733.0,inactive
CHEMBL4215789,COc1ccc(-n2nnc(-c3ccccc3NC(=O)c3cccs3)n2)cc1,351.0,inactive
CHEMBL4215260,O=C(Nc1ccccc1-c1nnn(-c2ccccc2)n1)c1cccs1,270.0,intermediate
CHEMBL4203580,O=C(Nc1ccccc1-c1nnn(-c2ccccc2)n1)c1ccc2c(c1)OCO2,259.0,inactive
CHEMBL4204010,O=C(Nc1ccccc1-c1nnn(-c2ccccc2)n1)c1ccc2c(c1)OCCO2,190.0,intermediate
CHEMBL4205357,COc1ccc(-n2nnc(-c3cc(OC)ccc3NC(=O)c3ccc([N+](=O)[O-])cc3)n2)cc1,129.0,inactive
CHEMBL4205898,COc1ccc(-n2nnc(-c3cc(OC)ccc3NC(=O)c3ccc(C(F)(F)F)cc3)n2)cc1,77.4,intermediate
CHEMBL4217602,COc1ccc(-n2nnc(-c3ccccc3NC(=O)c3ccc(C(F)(F)F)cc3)n2)cn1,130.0,intermediate
CHEMBL4202709,COc1ccc(C(=O)Nc2ccccc2-c2nnn(-c3ccc(OC)nc3)n2)cc1,61.6,inactive
CHEMBL4206410,COc1ccc(-n2nnc(-c3ccccc3NC(=O)c3ccccc3)n2)cn1,102.0,intermediate
CHEMBL428402,O=C(Nc1ccccc1C(=O)Nc1ccc(CCN2CCc3ccccc3C2)cc1)c1cnc2ccccc2c1,704.0,inactive
CHEMBL488910,COc1ccc2c3c([nH]c2c1)[C@H](CC(C)C)N1C(=O)[C@H](CCC(=O)OC(C)(C)C)NC(=O)[C@@H]1C3,221.0,intermediate
CHEMBL3884089,O=C(Nc1ccccc1-c1nnn(-c2ccccc2)n1)c1ccccc1,66.9,inactive
CHEMBL410316,COc1ccc2c3c([nH]c2c1)[C@H](C=C(C)C)N1C(=O)[C@@H]2CCCN2C(=O)[C@@H]1C3,731.0,inactive
CHEMBL348475,COc1cc2c(cc1OC)CN(CCc1ccc(NC(=O)c3cc(OC)c(OC)cc3NC(=O)c3cnc4ccccc4c3)cc1)CC2,526.0,inactive
CHEMBL4204938,COc1cc2c(cc1OC)CN(CCOc1ccc(/C=C/C(=O)c3cccc(NC(=O)c4ccc5ccccc5n4)c3)cc1)CC2,4080.0,inactive
CHEMBL4206326,COCCOc1cc2c(cc1OC)CCN(CCOc1ccc(/C=C/C(=O)c3cccc(NC(=O)c4ccc5ccccc5n4)c3)cc1)C2,2130.0,inactive
CHEMBL4202610,COCCOCCOCCOc1cc2c(cc1OC)CCN(CCOc1ccc(/C=C/C(=O)c3cccc(NC(=O)c4ccc5ccccc5n4)c3)cc1)C2,2830.0,inactive
CHEMBL4213215,COc1cc2c(cc1OC)CN(CCOc1ccc(/C=C/C(=O)c3ccc(C)c(NC(=O)c4ccc5ccccc5n4)c3)cc1)CC2,880.0,inactive
CHEMBL4209477,COCCOc1cc2c(cc1OC)CCN(CCOc1ccc(/C=C/C(=O)c3ccc(C)c(NC(=O)c4ccc5ccccc5n4)c3)cc1)C2,1550.0,inactive
CHEMBL4203520,COCCOCCOCCOc1cc2c(cc1OC)CCN(CCOc1ccc(/C=C/C(=O)c3ccc(C)c(NC(=O)c4ccc5ccccc5n4)c3)cc1)C2,2720.0,inactive
CHEMBL4216382,COc1cc2c(cc1OC)CN(CC(=O)c1cccc(NC(=O)c3ccc4ccccc4n3)c1)CC2,6730.0,inactive
CHEMBL4210356,COCCOc1cc2c(cc1OC)CCN(CC(=O)c1cccc(NC(=O)c3ccc4ccccc4n3)c1)C2,14390.0,inactive
CHEMBL4206629,COCCOCCOCCOc1cc2c(cc1OC)CCN(CC(=O)c1cccc(NC(=O)c3ccc4ccccc4n3)c1)C2,1130.0,inactive
CHEMBL4215970,COc1cc2c(cc1OC)CN(CC(=O)c1ccc(C)c(NC(=O)c3ccc4ccccc4n3)c1)CC2,8760.0,inactive
CHEMBL4204291,COCCOc1cc2c(cc1OC)CCN(CC(=O)c1ccc(C)c(NC(=O)c3ccc4ccccc4n3)c1)C2,23240.0,inactive
CHEMBL4208261,COCCOCCOCCOc1cc2c(cc1OC)CCN(CC(=O)c1ccc(C)c(NC(=O)c3ccc4ccccc4n3)c1)C2,6650.0,inactive
CHEMBL4216590,COc1cc(OC)c(C(=O)/C=C/c2ccc3nccnc3c2)cc1OC,1400.0,inactive
CHEMBL1946989,COc1cc(OC)c(C(=O)/C=C/c2ccc3c(c2)OCO3)cc1OC,940.0,inactive
CHEMBL4209672,COc1ccc(/C=C/C(=O)c2ccccc2NC(=O)c2cccs2)cc1OC,501.0,intermediate
CHEMBL4589907,COC(=O)c1cccc(COc2c(-c3ccc(OCCOCCn4cc(CN(Cc5ccccc5)Cc5cn(CCOCCOc6ccc(-c7oc8ccccc8c(=O)c7OCc7cccc(C(=O)OC)c7)cc6)nn5)nn4)cc3)oc3ccccc3c2=O)c1,14.5,intermediate
CHEMBL488910,COc1ccc2c3c([nH]c2c1)[C@H](CC(C)C)N1C(=O)[C@H](CCC(=O)OC(C)(C)C)NC(=O)[C@@H]1C3,24.0,inactive
CHEMBL4453052,COC(=O)c1cccc(COc2c(-c3ccc(OCCOCCn4cc(-c5cccc(-c6cn(CCOCCOc7ccc(-c8oc9ccccc9c(=O)c8OCc8cccc(C(=O)OC)c8)cc7)nn6)c5)nn4)cc3)oc3ccccc3c2=O)c1,24.6,inactive
CHEMBL4440681,COC(=O)c1cccc(COc2c(-c3ccc(OCCOCCn4cc(CCCc5cn(CCOCCOc6ccc(-c7oc8ccccc8c(=O)c7OCc7cccc(C(=O)OC)c7)cc6)nn5)nn4)cc3)oc3ccccc3c2=O)c1,19.1,inactive
CHEMBL4474920,COC(=O)c1cccc(COc2c(-c3ccc(OCCOCCn4cc(COCc5cn(CCOCCOc6ccc(-c7oc8ccccc8c(=O)c7OCc7cccc(C(=O)OC)c7)cc6)nn5)nn4)cc3)oc3ccccc3c2=O)c1,20.2,inactive
CHEMBL58,O=C1c2c(O)ccc(O)c2C(=O)c2c(NCCNCCO)ccc(NCCNCCO)c21,903.8,inactive
CHEMBL4579169,O=[N+]([O-])c1cccc(Nc2nc(-c3cccs3)nc3ccccc23)c1,300.0,intermediate
CHEMBL4483754,O=[N+]([O-])c1ccc(Nc2nc(-c3cccs3)nc3ccccc23)cc1,335.0,inactive
CHEMBL4470633,N#Cc1cccc(Nc2nc(-c3cccs3)nc3ccccc23)c1,178.0,intermediate
CHEMBL4446794,COc1ccc(Nc2nc(-c3cccs3)nc3ccccc23)cc1OC,202.0,inactive
CHEMBL4450363,Fc1cccc(Nc2nc(-c3cccs3)nc3ccccc23)c1,953.0,intermediate
CHEMBL1307612,CC(=O)Nc1cccc(Nc2nc(-c3cccs3)nc3ccccc23)c1,360.0,active
CHEMBL4469532,N#Cc1cccc(Nc2nc(-c3ccc[nH]3)nc3ccccc23)c1,156.0,active
CHEMBL4448170,COc1ccc(Nc2nc(-c3ccc[nH]3)nc3ccccc23)cc1,2570.0,active
CHEMBL4475108,COc1ccc(Nc2nc(-c3ccc[nH]3)nc3ccccc23)cc1OC,652.0,intermediate
CHEMBL4449051,c1ccc(Oc2nc(-c3ccccc3)nc3ccccc23)cc1,14500.0,intermediate
CHEMBL4588846,O=[N+]([O-])c1cccc(Oc2nc(-c3ccccc3)nc3ccccc23)c1,4780.0,active
CHEMBL4454183,Brc1cccc(Oc2nc(-c3ccccc3)nc3ccccc23)c1,3860.0,active
CHEMBL4451576,Brc1ccc(Oc2nc(-c3ccccc3)nc3ccccc23)cc1,7270.0,active
CHEMBL4554634,FC(F)(F)c1cccc(Oc2nc(-c3ccccc3)nc3ccccc23)c1,989.0,inactive
CHEMBL4529348,c1ccc(Sc2nc(-c3ccccc3)nc3ccccc23)cc1,10000.0,inactive
CHEMBL4588052,FC(F)(F)c1cccc(Sc2nc(-c3ccccc3)nc3ccccc23)c1,14800.0,intermediate
CHEMBL4446484,COc1cccc(Sc2nc(-c3ccccc3)nc3ccccc23)c1,7400.0,intermediate
CHEMBL4464779,CN(c1cccc([N+](=O)[O-])c1)c1nc(-c2ccccc2)nc2ccccc12,2025.0,intermediate
CHEMBL4464445,CN(c1ccc([N+](=O)[O-])cc1)c1nc(-c2ccccc2)nc2ccccc12,3669.0,intermediate
CHEMBL4526091,CN(c1ccc(C#N)cc1)c1nc(-c2ccccc2)nc2ccccc12,10080.0,active
CHEMBL4465018,CN(c1cccc(F)c1)c1nc(-c2ccccc2)nc2ccccc12,3948.0,intermediate
CHEMBL435866,O=C(Nc1nc(-c2ccccc2)nc2ccccc12)c1ccccc1,424.0,intermediate
CHEMBL4442077,O=C(Nc1nc(-c2ccccc2)nc2ccccc12)c1ccccc1[N+](=O)[O-],994.0,active
CHEMBL4456005,O=C(Nc1nc(-c2ccccc2)nc2ccccc12)c1cccc([N+](=O)[O-])c1,54.5,intermediate
CHEMBL4582715,O=C(Nc1nc(-c2ccccc2)nc2ccccc12)c1ccc([N+](=O)[O-])cc1,93.1,active
CHEMBL289959,c1ccc(Nc2ncnc3ccccc23)cc1,10700.0,active
CHEMBL4533300,O=[N+]([O-])c1cc(Nc2ncnc3ccccc23)ccc1O,2900.0,active
CHEMBL166336,Oc1ccc(Nc2ncnc3ccccc23)cc1,2630.0,active
CHEMBL4561833,N#Cc1ccc(Nc2ncnc3ccccc23)cc1,1270.0,active
CHEMBL117697,COc1cccc(Nc2ncnc3ccccc23)c1,645.0,active
CHEMBL4560864,CSc1cccc(Nc2ncnc3ccccc23)c1,1350.0,active
CHEMBL92985,Fc1cccc(Nc2ncnc3ccccc23)c1,8120.0,active
CHEMBL4524796,CC(=O)Nc1cccc(Nc2ncnc3ccccc23)c1,28900.0,active
CHEMBL1194993,c1ccc(Nc2nc(-c3ccccc3)nc3ccccc23)cc1,882.0,active
CHEMBL2158556,O=[N+]([O-])c1ccc(Nc2nc(-c3ccccc3)nc3ccccc23)cc1,69.6,active
CHEMBL2158554,COc1ccc(Nc2nc(-c3ccccc3)nc3ccccc23)cc1OC,152.0,active
CHEMBL488910,COc1ccc2c3c([nH]c2c1)[C@H](CC(C)C)N1C(=O)[C@H](CCC(=O)OC(C)(C)C)NC(=O)[C@@H]1C3,227.0,active
CHEMBL4470633,N#Cc1cccc(Nc2nc(-c3cccs3)nc3ccccc23)c1,45.3,active
CHEMBL4469532,N#Cc1cccc(Nc2nc(-c3ccc[nH]3)nc3ccccc23)c1,7.98,active
CHEMBL4456005,O=C(Nc1nc(-c2ccccc2)nc2ccccc12)c1cccc([N+](=O)[O-])c1,47.3,active
CHEMBL4582715,O=C(Nc1nc(-c2ccccc2)nc2ccccc12)c1ccc([N+](=O)[O-])cc1,77.3,intermediate
CHEMBL488910,COc1ccc2c3c([nH]c2c1)[C@H](CC(C)C)N1C(=O)[C@H](CCC(=O)OC(C)(C)C)NC(=O)[C@@H]1C3,202.0,active
CHEMBL4563172,O=C(c1ccc2c(c1)OCCO2)C1CCN(C(=O)c2ccc(-n3cccn3)cc2)CC1,10400.0,active
CHEMBL1722772,N#Cc1ccc(CN2CCN(C(=O)c3cn(Cc4ccccc4)nc3-c3cccnc3)CC2)cc1,15400.0,active
CHEMBL4528126,CCCc1cc(N2CCN(CCOc3cccc4ccccc34)CC2)n2nc3nc(C)cc(C)c3c2n1,11800.0,intermediate
CHEMBL4518044,Cc1cc(C)c2c(n1)sc1c(N3CCN(Cc4ccccc4Cl)CC3)ncnc12,8680.0,active
CHEMBL4538822,Fc1ccccc1N1CCN(Cc2csc(-c3ccc4c(c3)OCO4)n2)CC1,11200.0,intermediate
CHEMBL4446615,O=C(CSc1nnc(-c2ccc(F)cc2)o1)N1CCN(Cc2ccc3c(c2)CCO3)CC1,14400.0,active
CHEMBL4434808,Cc1nc2cc(NC(=O)C3CCCN(c4cc(-n5cccn5)ncn4)C3)ccc2s1,1390.0,active
CHEMBL575448,C[C@@]1(C(=O)Nc2ccc(F)nc2)CCCN1c1nc(Nc2cc(C3CC3)n[nH]2)c2cccn2n1,10200.0,active
CHEMBL4519515,CC1CCc2c(sc3nc(-c4cccnc4)nc(N4CCN(C(C(N)=O)c5ccccc5)CC4)c23)C1,2380.0,active
CHEMBL4561820,O=C(c1cc(-c2cccnc2)nc2ccccc12)N1CCN(Cc2cccs2)CC1,16000.0,inactive
CHEMBL4538625,COc1cc(/C=C/C(=O)c2cccc(O)c2)cc(OC)c1OC,4280.0,inactive
CHEMBL194094,COc1cc(C(=O)/C=C/c2cc(OC)c(OC)c(OC)c2)ccc1O,1970.0,active
CHEMBL4593531,O=C(/C=C/c1c(F)cccc1F)c1ccc(O)cc1,7220.0,intermediate
CHEMBL3613158,O=C(/C=C/c1ccccc1C(F)(F)F)c1ccc(O)cc1,4910.0,intermediate
CHEMBL4455434,CCOc1ccc(/C=C/C(=O)c2ccc(O)cc2)cc1,6440.0,intermediate
CHEMBL4589531,CCCOc1ccc(/C=C/C(=O)c2ccc(O)cc2)cc1,4740.0,intermediate
CHEMBL4579602,CCCCOc1ccc(/C=C/C(=O)c2ccc(O)cc2)cc1,7290.0,active
CHEMBL4450005,O=C(/C=C/c1ccc(OCc2ccccc2)cc1)c1ccc(O)cc1,9210.0,intermediate
CHEMBL4453455,O=C(/C=C/c1ccc(OCc2ccc(Cl)cc2)cc1)c1ccc(O)cc1,20000.0,intermediate
CHEMBL4458524,O=C(/C=C/c1cccs1)c1ccc(O)cc1,18200.0,active
CHEMBL437571,O=C(/C=C/c1ccco1)c1ccccc1O,16200.0,active
CHEMBL1253710,O=C(/C=C/c1cccs1)c1ccccc1O,10500.0,active
CHEMBL4279728,O=C(COc1cccc(C(=O)/C=C/c2ccccc2)c1)Nc1ccc2c(c1)COC2=O,6080.0,active
CHEMBL4289993,COc1ccc(/C=C/C(=O)c2cccc(OCC(=O)Nc3ccc4c(c3)COC4=O)c2)cc1OC,12000.0,active
CHEMBL4210110,COc1cc(/C=C/C(=O)c2cccc(OCC(=O)Nc3ccc4c(c3)COC4=O)c2)cc(OC)c1OC,9930.0,active
CHEMBL4277156,COc1ccc(/C=C/C(=O)c2ccc(OCC(=O)Nc3ccc4c(c3)COC4=O)cc2)cc1OC,6630.0,active
CHEMBL4282762,COc1cc(/C=C/C(=O)c2ccc(OCC(=O)Nc3ccc4c(c3)COC4=O)cc2)cc(OC)c1OC,8440.0,active
CHEMBL4202737,COc1cc(C(=O)/C=C/c2cc(OC)c(OC)c(OC)c2)ccc1OCC(=O)Nc1ccc2c(c1)COC2=O,11400.0,active
CHEMBL4278234,O=C(COc1ccc(C(=O)/C=C/c2c(F)cccc2F)cc1)Nc1ccc2c(c1)COC2=O,10900.0,active
CHEMBL4291124,CCOc1ccc(/C=C/C(=O)c2ccc(OCC(=O)Nc3ccc4c(c3)COC4=O)cc2)cc1,20100.0,active
CHEMBL4289203,COc1ccc(/C=C/C(=O)c2ccc(OCC(=O)NCc3ccc4c(c3)OCO4)cc2)cc1,10000.0,inactive
CHEMBL4282834,COc1cc(/C=C/C(=O)c2ccc(OCC(=O)NCc3ccc4c(c3)OCO4)cc2)cc(OC)c1OC,6890.0,inactive
CHEMBL4294098,COc1ccc(/C=C/C(=O)c2cccc(OCC(=O)Nc3ccc(OC)c(OC)c3)c2)cc1OC,6330.0,active
CHEMBL4289201,COc1cccc(/C=C/C(=O)c2ccc(OCC(=O)Nc3ccc(OC)c(OC)c3)cc2)c1,3580.0,active
CHEMBL4283519,COc1ccc(NC(=O)COc2ccc(C(=O)/C=C/c3cc(OC)c(OC)c(OC)c3)cc2)cc1OC,3370.0,active
CHEMBL4290283,COc1ccc(NC(=O)COc2ccc(C(=O)/C=C/c3c(F)cccc3F)cc2)cc1OC,6110.0,intermediate
CHEMBL4282408,COc1ccc(NC(=O)COc2ccc(C(=O)/C=C/c3ccc(Cl)cc3)cc2)cc1OC,6950.0,intermediate
CHEMBL4278957,COc1ccc(NC(=O)COc2ccc(C(=O)/C=C/c3ccco3)cc2)cc1OC,5400.0,intermediate
CHEMBL4440031,O=C(COc1c(-c2ccccc2)oc2ccccc2c1=O)Nc1ccc2c(c1)COC2=O,13100.0,intermediate
CHEMBL4205213,COc1cc(-c2oc3ccccc3c(=O)c2OCC(=O)Nc2ccc3c(c2)COC3=O)cc(OC)c1OC,9000.0,intermediate
CHEMBL4470070,O=C(COc1c(-c2ccccc2Cl)oc2ccccc2c1=O)Nc1ccc2c(c1)COC2=O,2900.0,intermediate
CHEMBL4474709,COc1ccc(-c2c(OCC(=O)Nc3cccc4ccccc34)oc3ccccc3c2=O)cc1,5090.0,inactive
CHEMBL4540332,COc1ccc(-c2c(OCC(=O)Nc3cccc4ccccc34)oc3ccccc3c2=O)cc1OC,3750.0,intermediate
CHEMBL4524909,COc1cc(-c2c(OCC(=O)Nc3cccc4ccccc34)oc3ccccc3c2=O)cc(OC)c1OC,10500.0,intermediate
CHEMBL4447490,CSc1cccc(Nc2nc(-c3ccccc3)nc3ccccc23)c1,1190.0,intermediate
CHEMBL2158554,COc1ccc(Nc2nc(-c3ccccc3)nc3ccccc23)cc1OC,152.0,inactive
CHEMBL4446671,COc1ccc(Nc2nc(-c3ccccc3)nc3ccccc23)cc1F,872.0,inactive
CHEMBL4558657,COc1cc(Nc2nc(-c3ccccc3)nc3ccccc23)ccc1Br,289.0,inactive
CHEMBL4513952,Cc1cc(Nc2nc(-c3ccccc3)nc3ccccc23)ccc1I,1460.0,intermediate
CHEMBL4085567,Fc1cccc(Nc2nc(-c3ccccc3)nc3ccccc23)c1,355.0,intermediate
CHEMBL4564993,Fc1ccc(Nc2nc(-c3ccccc3)nc3ccccc23)cc1,1060.0,intermediate
CHEMBL118538,Clc1ccc(Nc2nc(-c3ccccc3)nc3ccccc23)cc1,830.0,intermediate
CHEMBL4441055,Ic1cccc(Nc2nc(-c3ccccc3)nc3ccccc23)c1,791.0,intermediate
CHEMBL4458057,Ic1ccc(Nc2nc(-c3ccccc3)nc3ccccc23)cc1,612.0,intermediate
CHEMBL120099,COC(=O)c1ccc(Nc2nc(-c3ccccc3)nc3ccccc23)cc1,944.0,intermediate
CHEMBL4475288,CC(C)(C)OC(=O)c1ccc(Nc2nc(-c3ccccc3)nc3ccccc23)cc1,5650.0,active
CHEMBL1624741,O=C(O)c1ccc(Nc2nc(-c3ccccc3)nc3ccccc23)cc1,6380.0,active
CHEMBL4453876,C#Cc1cccc(Nc2nc(-c3ccccc3)nc3ccccc23)c1,672.0,active
CHEMBL1474597,Cc1cccc(Nc2nc(-c3ccccc3)nc3ccccc23)c1,1150.0,inactive
CHEMBL1534709,Cc1ccc(Nc2nc(-c3ccccc3)nc3ccccc23)cc1,1480.0,active
CHEMBL4458072,CC(C)(C)c1cccc(Nc2nc(-c3ccccc3)nc3ccccc23)c1,1070.0,active
CHEMBL4578761,CC(C)(C)c1ccc(Nc2nc(-c3ccccc3)nc3ccccc23)cc1,1060.0,active
CHEMBL4455303,COc1cccc(Nc2cc(-c3ccccc3)nc3ccccc23)c1,951.0,active
CHEMBL4462578,CSc1cccc(Nc2cc(-c3ccccc3)nc3ccccc23)c1,1900.0,active
CHEMBL4437626,CC(=O)Nc1cccc(Nc2cc(-c3ccccc3)nc3ccccc23)c1,1630.0,active
CHEMBL4530796,N#Cc1ccc(Nc2cc(-c3ccccc3)nc3ccccc23)cc1,846.0,active
CHEMBL4441537,Fc1cccc(Nc2cc(-c3ccccc3)nc3ccccc23)c1,2130.0,active
CHEMBL428402,O=C(Nc1ccccc1C(=O)Nc1ccc(CCN2CCc3ccccc3C2)cc1)c1cnc2ccccc2c1,704.0,active
CHEMBL488910,COc1ccc2c3c([nH]c2c1)[C@H](CC(C)C)N1C(=O)[C@H](CCC(=O)OC(C)(C)C)NC(=O)[C@@H]1C3,221.0,intermediate
CHEMBL1307877,CC(=O)Nc1cccc(Nc2nc(-c3ccccc3)nc3ccccc23)c1,278.0,active
CHEMBL4069582,O=[N+]([O-])c1cc(Nc2nc(-c3ccccc3)nc3ccccc23)ccc1O,80.0,active
CHEMBL4528016,O=S(=O)(F)c1ccc(Nc2nc(-c3ccccc3)nc3ccccc23)cc1,556.0,active
CHEMBL1410991,Oc1ccc(Nc2nc(-c3ccccc3)nc3ccccc23)cc1,204.0,active
CHEMBL4088022,N#Cc1ccc(Nc2nc(-c3ccccc3)nc3ccccc23)cc1,69.9,active
CHEMBL4069582,O=[N+]([O-])c1cc(Nc2nc(-c3ccccc3)nc3ccccc23)ccc1O,113.0,active
